"business_id","score","date","description","type"

"PR0029094","90","20141010","","Routine"

"PR0167401","96","20151029","","Routine"

"PR0127775","92","20160311","","Routine"

"PR0012132","98","20151209","","Routine"

"PR0043938","100","20150505","","Routine"

"PR0150645","99","20150527","","Routine"

"PR0047835","90","20150619","","Routine"

"PR0038719","95","20151007","","Routine"

"PR0156453","95","20150127","","Routine"

"PR0153159","96","20151001","","Routine"

"PR0014548","98","20141023","","Routine"

"PR0013865","90","20160223","","Routine"

"PR0032530","96","20140925","","Routine"

"PR0036246","90","20150825","","Routine"

"PR0046918","87","20151203","","Routine"

"PR0006456","83","20150619","","Routine"

"PR0011526","96","20160223","","Routine"

"PR0023104","97","20141110","","Routine"

"PR0021234","91","20150311","","Routine"

"PR0033676","98","20151015","","Routine"

"PR0149442","100","20151110","","Routine"

"PR0027697","92","20140812","","Routine"

"PR0153460","96","20150923","","Routine"

"PR0127862","100","20160331","","Routine"

"PR0000248","90","20150613","","Routine"

"PR0006693","100","20160304","","Routine"

"PR0148023","93","20140826","","Routine"

"PR0123072","97","20150713","","Routine"

"PR0013911","94","20160122","","Routine"

"PR0035354","90","20140807","","Routine"

"PR0046519","93","20150909","","Routine"

"PR0164942","93","20151202","","Routine"

"PR0150385","99","20150511","","Routine"

"PR0011472","96","20151014","","Routine"

"PR0156535","92","20160209","","Routine"

"PR0028686","92","20140919","","Routine"

"PR0130661","96","20151105","","Routine"

"PR0041482","93","20151028","","Routine"

"PR0010002","93","20150803","","Routine"

"PR0035237","92","20150602","","Routine"

"PR0146483","97","20160219","","Routine"

"PR0028716","97","20150916","","Routine"

"PR0017565","94","20160325","","Routine"

"PR0019380","90","20150527","","Routine"

"PR0148635","94","20160113","","Routine"

"PR0029825","93","20150605","","Routine"

"PR0045289","95","20150227","","Routine"

"PR0032632","98","20150715","","Routine"

"PR0027589","90","20150508","","Routine"

"PR0044319","93","20150916","","Routine"

"PR0021857","96","20160413","","Routine"

"PR0043014","86","20140609","","Routine"

"PR0015499","91","20140730","","Routine"

"PR0168796","97","20160419","","Routine"

"PR0152782","95","20150929","","Routine"

"PR0012725","92","20150302","","Routine"

"PR0006224","98","20140731","","Routine"

"PR0015945","93","20150702","","Routine"

"PR0004427","96","20150915","","Routine"

"PR0024873","95","20150114","","Routine"

"PR0033444","92","20140825","","Routine"

"PR0149259","98","20141105","","Routine"

"PR0008183","90","20141208","","Routine"

"PR0010557","94","20160511","","Routine"

"PR0014019","92","20140919","","Routine"

"PR0008268","92","20150609","","Routine"

"PR0043343","95","20151005","","Routine"

"PR0037367","92","20140911","","Routine"

"PR0008351","94","20150304","","Routine"

"PR0042003","97","20150825","","Routine"

"PR0030702","94","20151106","","Routine"

"PR0012531","97","20160427","","Routine"

"PR0017537","90","20150901","","Routine"

"PR0018634","97","20150224","","Routine"

"PR0009484","95","20160217","","Routine"

"PR0030863","80","20141223","","Routine"

"PR0028623","99","20160107","","Routine"

"PR0033782","97","20151230","","Routine"

"PR0043674","90","20160419","","Routine"

"PR0047629","100","20150911","","Routine"

"PR0023620","91","20150603","","Routine"

"PR0129585","97","20140814","","Routine"

"PR0012787","93","20141014","","Routine"

"PR0045864","97","20160425","","Routine"

"PR0020461","92","20141209","","Routine"

"PR0021547","100","20160121","","Routine"

"PR0026209","100","20150313","","Routine"

"PR0147255","92","20150115","","Routine"

"PR0148428","98","20150603","","Routine"

"PR0044717","95","20160323","","Routine"

"PR0031900","96","20150619","","Routine"

"PR0021432","90","20140618","","Routine"

"PR0032176","86","20140715","","Routine"

"PR0044551","94","20150803","","Routine"

"PR0023514","90","20150629","","Routine"

"PR0005438","99","20150615","","Routine"

"PR0024183","96","20141030","","Routine"

"PR0013729","95","20150603","","Routine"

"PR0016068","98","20140819","","Routine"

"PR0167727","91","20150717","","Routine"

"PR0016126","93","20160517","","Routine"

"PR0168037","97","20151209","","Routine"

"PR0017258","91","20150720","","Routine"

"PR0169934","98","20160415","","Routine"

"PR0007712","96","20140722","","Routine"

"PR0031420","98","20140528","","Routine"

"PR0156497","93","20160112","","Routine"

"PR0153455","94","20160405","","Routine"

"PR0024019","95","20160218","","Routine"

"PR0009567","90","20160516","","Routine"

"PR0041708","85","20150527","","Routine"

"PR0005647","99","20150916","","Routine"

"PR0012838","96","20150410","","Routine"

"PR0002882","95","20160504","","Routine"

"PR0170051","98","20151006","","Routine"

"PR0149457","96","20141208","","Routine"

"PR0151061","93","20150615","","Routine"

"PR0020722","91","20150430","","Routine"

"PR0170061","96","20160216","","Routine"

"PR0120944","92","20150401","","Routine"

"PR0045842","92","20150227","","Routine"

"PR0172767","94","20151223","","Routine"

"PR0121976","90","20160328","","Routine"

"PR0152084","97","20160222","","Routine"

"PR0017957","90","20151027","","Routine"

"PR0035537","97","20141008","","Routine"

"PR0151457","91","20151029","","Routine"

"PR0041383","97","20141204","","Routine"

"PR0009104","93","20160127","","Routine"

"PR0005049","100","20150615","","Routine"

"PR0000174","97","20150210","","Routine"

"PR0150296","100","20150204","","Routine"

"PR0003723","100","20140924","","Routine"

"PR0009522","96","20160401","","Routine"

"PR0035884","97","20140612","","Routine"

"PR0037978","98","20150915","","Routine"

"PR0038002","97","20150603","","Routine"

"PR0041960","92","20160201","","Routine"

"PR0129690","96","20140716","","Routine"

"PR0007435","93","20150202","","Routine"

"PR0002766","90","20160503","","Routine"

"PR0015581","91","20160516","","Routine"

"PR0149390","100","20160204","","Routine"

"PR0001737","93","20150129","","Routine"

"PR0030810","98","20160404","","Routine"

"PR0017361","90","20151229","","Routine"

"PR0122080","94","20150410","","Routine"

"PR0007388","95","20140708","","Routine"

"PR0022211","93","20150422","","Routine"

"PR0167287","91","20150714","","Routine"

"PR0036095","96","20151123","","Routine"

"PR0024489","98","20160217","","Routine"

"PR0017283","90","20151226","","Routine"

"PR0020593","99","20150407","","Routine"

"PR0042513","94","20151123","","Routine"

"PR0013991","99","20150325","","Routine"

"PR0018652","98","20140814","","Routine"

"PR0148660","91","20150803","","Routine"

"PR0033324","92","20150421","","Routine"

"PR0024619","99","20150917","","Routine"

"PR0031536","99","20141008","","Routine"

"PR0001974","94","20140910","","Routine"

"PR0015605","93","20160516","","Routine"

"PR0003989","92","20160204","","Routine"

"PR0156752","90","20151114","","Routine"

"PR0160927","97","20150407","","Routine"

"PR0034866","91","20141006","","Routine"

"PR0015362","94","20150618","","Routine"

"PR0148468","93","20140811","","Routine"

"PR0129772","96","20150812","","Routine"

"PR0017810","97","20140605","","Routine"

"PR0031568","94","20140623","","Routine"

"PR0047064","93","20151216","","Routine"

"PR0152086","90","20160323","","Routine"

"PR0150026","93","20141028","","Routine"

"PR0042066","95","20151124","","Routine"

"PR0018534","90","20160224","","Routine"

"PR0147189","87","20160406","","Routine"

"PR0158200","100","20151208","","Routine"

"PR0024041","94","20140708","","Routine"

"PR0034190","90","20140908","","Routine"

"PR0001805","96","20150528","","Routine"

"PR0157421","100","20151022","","Routine"

"PR0008108","93","20150915","","Routine"

"PR0015087","90","20150611","","Routine"

"PR0035353","90","20150114","","Routine"

"PR0149790","96","20151119","","Routine"

"PR0156610","93","20150624","","Routine"

"PR0008807","96","20150129","","Routine"

"PR0013449","97","20151013","","Routine"

"PR0038676","93","20150223","","Routine"

"PR0002498","95","20160425","","Routine"

"PR0160546","75","20150324","","Routine"

"PR0024528","91","20150526","","Routine"

"PR0013658","96","20160325","","Routine"

"PR0030469","98","20151109","","Routine"

"PR0044789","95","20160212","","Routine"

"PR0123250","98","20150923","","Routine"

"PR0047911","95","20150311","","Routine"

"PR0039140","97","20160218","","Routine"

"PR0028879","95","20151217","","Routine"

"PR0123424","86","20160113","","Routine"

"PR0021604","91","20160218","","Routine"

"PR0034032","97","20160119","","Routine"

"PR0153529","95","20160114","","Routine"

"PR0047360","97","20140910","","Routine"

"PR0042141","92","20141215","","Routine"

"PR0029006","98","20140917","","Routine"

"PR0032860","86","20151222","","Routine"

"PR0149971","99","20160405","","Routine"

"PR0039556","97","20150202","","Routine"

"PR0150634","100","20141201","","Routine"

"PR0011600","95","20150909","","Routine"

"PR0157143","95","20160414","","Routine"

"PR0015888","92","20140610","","Routine"

"PR0038392","92","20150601","","Routine"

"PR0036355","84","20141126","","Routine"

"PR0020049","96","20160205","","Routine"

"PR0024274","99","20150518","","Routine"

"PR0129460","90","20150812","","Routine"

"PR0036910","93","20151028","","Routine"

"PR0011673","96","20150515","","Routine"

"PR0016743","97","20141121","","Routine"

"PR0040580","100","20140617","","Routine"

"PR0127628","95","20150812","","Routine"

"PR0045107","97","20151030","","Routine"

"PR0007843","97","20160114","","Routine"

"PR0157433","95","20160114","","Routine"

"PR0043524","99","20150902","","Routine"

"PR0033888","100","20140812","","Routine"

"PR0149711","96","20150312","","Routine"

"PR0038007","90","20150923","","Routine"

"PR0005446","95","20150430","","Routine"

"PR0028911","100","20151030","","Routine"

"PR0020788","98","20141202","","Routine"

"PR0041550","94","20150303","","Routine"

"PR0014041","92","20150929","","Routine"

"PR0042303","100","20160412","","Routine"

"PR0023360","100","20150429","","Routine"

"PR0150037","100","20150507","","Routine"

"PR0170580","100","20151013","","Routine"

"PR0024605","92","20150605","","Routine"

"PR0001876","92","20140828","","Routine"

"PR0030141","91","20150909","","Routine"

"PR0013175","96","20141125","","Routine"

"PR0152084","98","20150623","","Routine"

"PR0031522","98","20150826","","Routine"

"PR0026506","96","20160408","","Routine"

"PR0012837","94","20150527","","Routine"

"PR0019828","90","20150217","","Routine"

"PR0167536","91","20150805","","Routine"

"PR0151387","100","20150317","","Routine"

"PR0014696","98","20160217","","Routine"

"PR0039842","96","20150507","","Routine"

"PR0041726","93","20140529","","Routine"

"PR0024529","97","20160517","","Routine"

"PR0023111","98","20150507","","Routine"

"PR0046779","97","20150219","","Routine"

"PR0014760","98","20150129","","Routine"

"PR0020461","91","20150922","","Routine"

"PR0006953","100","20150604","","Routine"

"PR0016914","93","20150115","","Routine"

"PR0014452","98","20150305","","Routine"

"PR0002710","92","20160401","","Routine"

"PR0038704","95","20151201","","Routine"

"PR0122222","90","20160426","","Routine"

"PR0036810","95","20140821","","Routine"

"PR0014978","98","20140610","","Routine"

"PR0022758","99","20150409","","Routine"

"PR0172675","98","20151216","","Routine"

"PR0035449","94","20150728","","Routine"

"PR0010951","96","20150813","","Routine"

"PR0019629","98","20141015","","Routine"

"PR0152270","95","20141021","","Routine"

"PR0148990","96","20150128","","Routine"

"PR0032462","95","20150722","","Routine"

"PR0028288","94","20150529","","Routine"

"PR0042943","98","20151103","","Routine"

"PR0163977","93","20160504","","Routine"

"PR0000966","93","20151020","","Routine"

"PR0043463","94","20150610","","Routine"

"PR0019066","97","20141216","","Routine"

"PR0001341","99","20151208","","Routine"

"PR0136905","100","20141120","","Routine"

"PR0037947","92","20160404","","Routine"

"PR0046909","91","20140926","","Routine"

"PR0045119","91","20140610","","Routine"

"PR0023021","81","20160427","","Routine"

"PR0153421","100","20141215","","Routine"

"PR0042094","94","20140930","","Routine"

"PR0012365","93","20150528","","Routine"

"PR0126962","93","20140805","","Routine"

"PR0017656","95","20150429","","Routine"

"PR0039151","99","20141030","","Routine"

"PR0047931","97","20150810","","Routine"

"PR0017855","93","20160413","","Routine"

"PR0151526","90","20150205","","Routine"

"PR0022182","94","20150120","","Routine"

"PR0172465","95","20160517","","Routine"

"PR0035892","90","20150720","","Routine"

"PR0147083","97","20151230","","Routine"

"PR0030737","96","20140702","","Routine"

"PR0009403","97","20140522","","Routine"

"PR0122853","92","20140527","","Routine"

"PR0032993","96","20140527","","Routine"

"PR0029846","97","20140527","","Routine"

"PR0018449","99","20140529","","Routine"

"PR0007255","97","20140528","","Routine"

"PR0024633","100","20140603","","Routine"

"PR0150872","95","20150227","","Routine"

"PR0018218","98","20140604","","Routine"

"PR0008372","95","20140604","","Routine"

"PR0030898","98","20140604","","Routine"

"PR0024178","98","20140604","","Routine"

"PR0019583","100","20140604","","Routine"

"PR0011721","100","20140605","","Routine"

"PR0036340","100","20140605","","Routine"

"PR0048013","100","20140605","","Routine"

"PR0028750","90","20140609","","Routine"

"PR0029815","96","20140609","","Routine"

"PR0024622","96","20140609","","Routine"

"PR0041989","99","20140609","","Routine"

"PR0008353","99","20140608","","Routine"

"PR0013432","100","20140608","","Routine"

"PR0030875","84","20140608","","Routine"

"PR0029004","97","20140608","","Routine"

"PR0014070","100","20140610","","Routine"

"PR0026163","100","20140610","","Routine"

"PR0127613","88","20140618","","Routine"

"PR0005285","100","20140617","","Routine"

"PR0010163","100","20140619","","Routine"

"PR0020427","90","20140623","","Routine"

"PR0000032","97","20140623","","Routine"

"PR0017029","98","20140623","","Routine"

"PR0009601","95","20140623","","Routine"

"PR0039170","96","20140623","","Routine"

"PR0003568","100","20140623","","Routine"

"PR0031744","100","20140623","","Routine"

"PR0022534","100","20140623","","Routine"

"PR0024799","100","20140623","","Routine"

"PR0011111","100","20140623","","Routine"

"PR0037231","100","20140623","","Routine"

"PR0000485","100","20140623","","Routine"

"PR0147177","94","20140624","","Routine"

"PR0039814","100","20140624","","Routine"

"PR0034423","100","20140624","","Routine"

"PR0120940","100","20140624","","Routine"

"PR0032028","96","20140624","","Routine"

"PR0040644","94","20140624","","Routine"

"PR0045699","93","20140624","","Routine"

"PR0006689","94","20140624","","Routine"

"PR0015876","97","20150206","","Routine"

"PR0007002","91","20140625","","Routine"

"PR0043928","91","20140625","","Routine"

"PR0008043","94","20140626","","Routine"

"PR0038260","100","20140626","","Routine"

"PR0028514","100","20140626","","Routine"

"PR0000960","100","20140626","","Routine"

"PR0003634","100","20140626","","Routine"

"PR0033817","100","20140626","","Routine"

"PR0032372","92","20140624","","Routine"

"PR0043757","96","20140626","","Routine"

"PR0016901","96","20140626","","Routine"

"PR0037848","99","20140626","","Routine"

"PR0002140","99","20140626","","Routine"

"PR0033384","100","20140627","","Routine"

"PR0035917","100","20140627","","Routine"

"PR0010815","100","20140627","","Routine"

"PR0004805","100","20140627","","Routine"

"PR0122037","94","20140630","","Routine"

"PR0006764","100","20140630","","Routine"

"PR0021682","100","20140630","","Routine"

"PR0004151","100","20140630","","Routine"

"PR0021363","100","20140630","","Routine"

"PR0013062","100","20140630","","Routine"

"PR0019470","95","20140630","","Routine"

"PR0047095","96","20140627","","Routine"

"PR0146901","94","20140620","","Routine"

"PR0147129","93","20140620","","Routine"

"PR0035917","100","20140628","","Routine"

"PR0003721","100","20140628","","Routine"

"PR0011574","100","20140628","","Routine"

"PR0034593","92","20140617","","Routine"

"PR0042671","95","20140617","","Routine"

"PR0121223","94","20140617","","Routine"

"PR0003405","90","20140625","","Routine"

"PR0010562","98","20140619","","Routine"

"PR0024429","93","20140624","","Routine"

"PR0045360","96","20140624","","Routine"

"PR0042334","100","20140702","","Routine"

"PR0019962","100","20140702","","Routine"

"PR0033581","100","20140702","","Routine"

"PR0031236","98","20140702","","Routine"

"PR0038634","100","20140702","","Routine"

"PR0021226","100","20140702","","Routine"

"PR0045684","90","20140626","","Routine"

"PR0047079","90","20140626","","Routine"

"PR0036723","90","20140707","","Routine"

"PR0036284","97","20140707","","Routine"

"PR0037009","97","20140707","","Routine"

"PR0014715","99","20140709","","Routine"

"PR0011132","92","20140711","","Routine"

"PR0045317","91","20140714","","Routine"

"PR0120815","92","20140716","","Routine"

"PR0012160","90","20140716","","Routine"

"PR0007876","97","20140716","","Routine"

"PR0012073","93","20151021","","Routine"

"PR0011942","97","20140716","","Routine"

"PR0009061","93","20140717","","Routine"

"PR0020506","90","20140722","","Routine"

"PR0047587","98","20140722","","Routine"

"PR0025852","96","20140722","","Routine"

"PR0013384","91","20140729","","Routine"

"PR0011917","100","20140731","","Routine"

"PR0038367","97","20140806","","Routine"

"PR0010895","100","20140712","","Routine"

"PR0007964","100","20140806","","Routine"

"PR0028236","96","20140611","","Routine"

"PR0048282","90","20140811","","Routine"

"PR0043993","92","20140811","","Routine"

"PR0148692","89","20140812","","Routine"

"PR0123285","96","20140812","","Routine"

"PR0148534","100","20140813","","Routine"

"PR0148246","97","20140813","","Routine"

"PR0041581","100","20140819","","Routine"

"PR0147732","90","20140807","","Routine"

"PR0035234","100","20140825","","Routine"

"PR0014451","90","20140825","","Routine"

"PR0048205","97","20140827","","Routine"

"PR0040433","93","20140827","","Routine"

"PR0032406","100","20140826","","Routine"

"PR0033517","91","20141021","","Routine"

"PR0003170","95","20150423","","Routine"

"PR0017039","97","20150427","","Routine"

"PR0019117","98","20160329","","Routine"

"PR0019484","92","20150529","","Routine"

"PR0005197","95","20160428","","Routine"

"PR0009889","82","20160317","","Routine"

"PR0036209","98","20150626","","Routine"

"PR0043152","97","20151230","","Routine"

"PR0005063","92","20150219","","Routine"

"PR0032681","96","20150508","","Routine"

"PR0039788","90","20160509","","Routine"

"PR0045530","90","20160128","","Routine"

"PR0156921","90","20160407","","Routine"

"PR0044321","98","20150316","","Routine"

"PR0002248","100","20150805","","Routine"

"PR0015801","90","20160202","","Routine"

"PR0017650","100","20150511","","Routine"

"PR0122753","95","20160218","","Routine"

"PR0006703","93","20141216","","Routine"

"PR0035184","94","20150604","","Routine"

"PR0033569","92","20151215","","Routine"

"PR0022712","96","20160325","","Routine"

"PR0017730","92","20160510","","Routine"

"PR0023190","96","20140528","","Routine"

"PR0003392","90","20141120","","Routine"

"PR0153654","95","20151221","","Routine"

"PR0121751","98","20150205","","Routine"

"PR0011767","97","20150807","","Routine"

"PR0047226","96","20160224","","Routine"

"PR0036325","99","20141231","","Routine"

"PR0002394","92","20151201","","Routine"

"PR0036257","96","20160323","","Routine"

"PR0024570","97","20150521","","Routine"

"PR0041513","90","20150622","","Routine"

"PR0037414","94","20150223","","Routine"

"PR0151800","97","20160205","","Routine"

"PR0008414","95","20150428","","Routine"

"PR0016707","96","20160209","","Routine"

"PR0035740","93","20160512","","Routine"

"PR0037282","100","20151009","","Routine"

"PR0164009","96","20160208","","Routine"

"PR0004222","94","20150729","","Routine"

"PR0152610","92","20160316","","Routine"

"PR0028988","95","20150106","","Routine"

"PR0018342","99","20150626","","Routine"

"PR0043225","92","20151001","","Routine"

"PR0001835","97","20150805","","Routine"

"PR0043107","98","20141215","","Routine"

"PR0031800","90","20140818","","Routine"

"PR0022112","94","20150326","","Routine"

"PR0007840","99","20150509","","Routine"

"PR0012964","93","20160406","","Routine"

"PR0024837","90","20150623","","Routine"

"PR0024976","97","20140929","","Routine"

"PR0152751","90","20150901","","Routine"

"PR0044680","99","20150406","","Routine"

"PR0038649","94","20160302","","Routine"

"PR0024955","96","20150330","","Routine"

"PR0000165","97","20140529","","Routine"

"PR0028434","86","20150903","","Routine"

"PR0046337","97","20140925","","Routine"

"PR0040185","90","20160406","","Routine"

"PR0153075","100","20150115","","Routine"

"PR0015888","93","20151019","","Routine"

"PR0032184","99","20150512","","Routine"

"PR0027734","96","20150629","","Routine"

"PR0021042","90","20151014","","Routine"

"PR0158155","94","20150325","","Routine"

"PR0019509","93","20140922","","Routine"

"PR0038970","100","20150804","","Routine"

"PR0003586","92","20140610","","Routine"

"PR0123274","90","20151009","","Routine"

"PR0122667","94","20140618","","Routine"

"PR0150274","95","20141113","","Routine"

"PR0150270","96","20160419","","Routine"

"PR0122772","98","20150331","","Routine"

"PR0027446","96","20160330","","Routine"

"PR0005355","90","20150611","","Routine"

"PR0025321","95","20160104","","Routine"

"PR0157007","96","20150908","","Routine"

"PR0027044","90","20150116","","Routine"

"PR0027425","94","20140828","","Routine"

"PR0030377","94","20140828","","Routine"

"PR0148875","92","20140903","","Routine"

"PR0000667","96","20140902","","Routine"

"PR0006381","97","20140826","","Routine"

"PR0001829","99","20140827","","Routine"

"PR0044164","92","20140905","","Routine"

"PR0002209","98","20140828","","Routine"

"PR0030287","99","20140828","","Routine"

"PR0147485","96","20140905","","Routine"

"PR0031093","87","20140905","","Routine"

"PR0038310","70","20140825","","Routine"

"PR0023765","100","20140908","","Routine"

"PR0033649","100","20140909","","Routine"

"PR0009938","97","20140909","","Routine"

"PR0015282","91","20140909","","Routine"

"PR0042741","94","20140909","","Routine"

"PR0122896","98","20140909","","Routine"

"PR0037888","100","20140909","","Routine"

"PR0029315","99","20140909","","Routine"

"PR0029506","96","20140910","","Routine"

"PR0146046","98","20140910","","Routine"

"PR0018192","94","20140910","","Routine"

"PR0001013","98","20140908","","Routine"

"PR0028061","81","20140911","","Routine"

"PR0025751","95","20140915","","Routine"

"PR0148197","100","20140912","","Routine"

"PR0007057","94","20140829","","Routine"

"PR0038201","100","20140918","","Routine"

"PR0171913","100","20160510","","Routine"

"PR0006608","92","20150128","","Routine"

"PR0039464","95","20141205","","Routine"

"PR0042932","81","20150429","","Routine"

"PR0012240","91","20150925","","Routine"

"PR0016779","99","20140920","","Routine"

"PR0031274","95","20140920","","Routine"

"PR0026141","97","20140920","","Routine"

"PR0122961","99","20140920","","Routine"

"PR0122959","98","20140920","","Routine"

"PR0122956","97","20140920","","Routine"

"PR0143240","98","20140920","","Routine"

"PR0005182","97","20140920","","Routine"

"PR0047846","94","20140922","","Routine"

"PR0022752","94","20140923","","Routine"

"PR0045466","98","20140923","","Routine"

"PR0038248","94","20140923","","Routine"

"PR0044535","98","20140923","","Routine"

"PR0028330","95","20140923","","Routine"

"PR0019354","91","20140923","","Routine"

"PR0025749","97","20140923","","Routine"

"PR0027173","93","20140923","","Routine"

"PR0038749","94","20140923","","Routine"

"PR0143238","95","20140923","","Routine"

"PR0030460","97","20140922","","Routine"

"PR0025859","94","20140922","","Routine"

"PR0015516","93","20140922","","Routine"

"PR0023339","92","20140920","","Routine"

"PR0036731","99","20140920","","Routine"

"PR0026181","94","20140920","","Routine"

"PR0042862","95","20140924","","Routine"

"PR0030230","92","20140924","","Routine"

"PR0147802","96","20140924","","Routine"

"PR0146129","94","20140925","","Routine"

"PR0000236","98","20140925","","Routine"

"PR0146131","90","20140925","","Routine"

"PR0019213","90","20140925","","Routine"

"PR0013084","90","20140925","","Routine"

"PR0028601","93","20140925","","Routine"

"PR0026638","85","20140925","","Routine"

"PR0021706","94","20140924","","Routine"

"PR0152055","96","20140924","","Routine"

"PR0038876","97","20140924","","Routine"

"PR0034749","94","20140924","","Routine"

"PR0027243","95","20140926","","Routine"

"PR0148012","74","20140926","","Routine"

"PR0003674","93","20140926","","Routine"

"PR0007412","97","20140926","","Routine"

"PR0010729","90","20140929","","Routine"

"PR0148012","99","20140930","","Routine"

"PR0038175","82","20140930","","Routine"

"PR0001687","97","20140929","","Routine"

"PR0151829","99","20140929","","Routine"

"PR0016753","97","20140929","","Routine"

"PR0043833","91","20140930","","Routine"

"PR0147770","96","20140930","","Routine"

"PR0037906","86","20140930","","Routine"

"PR0032925","90","20140930","","Routine"

"PR0151799","95","20140930","","Routine"

"PR0016554","90","20140930","","Routine"

"PR0015733","89","20140924","","Routine"

"PR0145980","100","20140926","","Routine"

"PR0026638","94","20141001","","Routine"

"PR0038700","97","20141001","","Routine"

"PR0012502","95","20140924","","Routine"

"PR0151761","96","20141002","","Routine"

"PR0036050","96","20141002","","Routine"

"PR0151295","97","20141002","","Routine"

"PR0151344","94","20141002","","Routine"

"PR0028973","98","20141003","","Routine"

"PR0033368","80","20141003","","Routine"

"PR0032107","96","20141003","","Routine"

"PR0035770","97","20141003","","Routine"

"PR0020984","98","20141003","","Routine"

"PR0022817","95","20141003","","Routine"

"PR0030602","95","20141003","","Routine"

"PR0048318","83","20141006","","Routine"

"PR0009196","91","20141006","","Routine"

"PR0018657","94","20140920","","Routine"

"PR0018962","94","20140920","","Routine"

"PR0025328","93","20141006","","Routine"

"PR0016533","90","20160516","","Routine"

"PR0026958","90","20141006","","Routine"

"PR0014533","93","20141006","","Routine"

"PR0148317","100","20141006","","Routine"

"PR0036742","96","20141007","","Routine"

"PR0152209","94","20141010","","Routine"

"PR0009024","97","20141009","","Routine"

"PR0040899","94","20141009","","Routine"

"PR0144444","96","20141009","","Routine"

"PR0016427","90","20141014","","Routine"

"PR0123217","83","20141014","","Routine"

"PR0000116","97","20141014","","Routine"

"PR0144421","96","20141014","","Routine"

"PR0144422","100","20141014","","Routine"

"PR0044573","95","20141014","","Routine"

"PR0144423","97","20141014","","Routine"

"PR0144424","98","20141014","","Routine"

"PR0144425","98","20141014","","Routine"

"PR0127831","100","20141016","","Routine"

"PR0047828","96","20141015","","Routine"

"PR0007298","95","20150423","","Routine"

"PR0020867","100","20141015","","Routine"

"PR0023173","100","20141015","","Routine"

"PR0026982","100","20141017","","Routine"

"PR0032683","100","20141017","","Routine"

"PR0030862","97","20141023","","Routine"

"PR0153185","83","20141015","","Routine"

"PR0000966","92","20141022","","Routine"

"PR0031716","93","20141022","","Routine"

"PR0033526","93","20141022","","Routine"

"PR0148692","94","20141022","","Routine"

"PR0152452","95","20141023","","Routine"

"PR0152222","99","20141023","","Routine"

"PR0038575","95","20141023","","Routine"

"PR0021361","93","20150612","","Routine"

"PR0045124","94","20141015","","Routine"

"PR0037594","98","20141015","","Routine"

"PR0127412","93","20141028","","Routine"

"PR0005111","98","20141029","","Routine"

"PR0029691","82","20141029","","Routine"

"PR0005627","97","20141030","","Routine"

"PR0025852","96","20141030","","Routine"

"PR0020465","98","20141023","","Routine"

"PR0153252","93","20141104","","Routine"

"PR0151525","98","20141104","","Routine"

"PR0129524","95","20141031","","Routine"

"PR0149556","96","20141105","","Routine"

"PR0153293","5","20141105","","Routine"

"PR0152292","90","20141105","","Routine"

"PR0019394","92","20141030","","Routine"

"PR0152423","99","20141105","","Routine"

"PR0039106","95","20141106","","Routine"

"PR0149353","94","20141106","","Routine"

"PR0031270","98","20141110","","Routine"

"PR0001807","91","20141112","","Routine"

"PR0009258","95","20141112","","Routine"

"PR0015718","94","20141112","","Routine"

"PR0016519","93","20141112","","Routine"

"PR0040616","100","20141112","","Routine"

"PR0122037","100","20141113","","Routine"

"PR0152605","100","20141113","","Routine"

"PR0013107","100","20141113","","Routine"

"PR0021528","99","20141114","","Routine"

"PR0038841","97","20141006","","Routine"

"PR0149511","100","20141114","","Routine"

"PR0128049","100","20141114","","Routine"

"PR0012558","96","20141118","","Routine"

"PR0047998","93","20150225","","Routine"

"PR0008778","96","20141118","","Routine"

"PR0150161","100","20141117","","Routine"

"PR0010732","97","20141119","","Routine"

"PR0045418","98","20141119","","Routine"

"PR0149447","100","20141119","","Routine"

"PR0149678","100","20141119","","Routine"

"PR0149557","100","20141119","","Routine"

"PR0004420","97","20141119","","Routine"

"PR0021554","93","20141119","","Routine"

"PR0151355","100","20141120","","Routine"

"PR0018086","93","20141023","","Routine"

"PR0004032","100","20141120","","Routine"

"PR0153699","96","20141120","","Routine"

"PR0008098","100","20141113","","Routine"

"PR0123039","100","20141113","","Routine"

"PR0038153","95","20141121","","Routine"

"PR0042719","94","20141125","","Routine"

"PR0143237","90","20140926","","Routine"

"PR0019985","100","20141202","","Routine"

"PR0000860","99","20141202","","Routine"

"PR0153283","100","20141121","","Routine"

"PR0017137","83","20140924","","Routine"

"PR0015003","94","20140924","","Routine"

"PR0008946","100","20141203","","Routine"

"PR0030489","98","20141203","","Routine"

"PR0044507","100","20141203","","Routine"

"PR0017354","99","20141203","","Routine"

"PR0007374","100","20141203","","Routine"

"PR0002691","100","20141203","","Routine"

"PR0000011","92","20141202","","Routine"

"PR0032950","92","20141203","","Routine"

"PR0006593","90","20141203","","Routine"

"PR0024012","93","20141203","","Routine"

"PR0150172","100","20141204","","Routine"

"PR0012417","90","20141204","","Routine"

"PR0016455","100","20141205","","Routine"

"PR0123357","90","20141205","","Routine"

"PR0008402","98","20141205","","Routine"

"PR0032297","97","20141205","","Routine"

"PR0003320","95","20141205","","Routine"

"PR0032982","96","20141205","","Routine"

"PR0135912","96","20141209","","Routine"

"PR0020460","95","20151002","","Routine"

"PR0019986","99","20140923","","Routine"

"PR0033747","97","20141205","","Routine"

"PR0013642","98","20141212","","Routine"

"PR0026555","90","20141216","","Routine"

"PR0149506","96","20141216","","Routine"

"PR0010607","93","20141217","","Routine"

"PR0147944","90","20141219","","Routine"

"PR0149644","100","20141217","","Routine"

"PR0151622","91","20141219","","Routine"

"PR0146539","94","20141218","","Routine"

"PR0154120","96","20141219","","Routine"

"PR0151328","96","20141219","","Routine"

"PR0153321","95","20141219","","Routine"

"PR0002887","97","20141219","","Routine"

"PR0046730","94","20141106","","Routine"

"PR0122622","100","20141223","","Routine"

"PR0156097","98","20141223","","Routine"

"PR0154013","91","20141223","","Routine"

"PR0037954","97","20141223","","Routine"

"PR0005300","92","20141223","","Routine"

"PR0154099","84","20141223","","Routine"

"PR0144134","100","20141223","","Routine"

"PR0027837","100","20141230","","Routine"

"PR0016358","97","20141230","","Routine"

"PR0013246","95","20141230","","Routine"

"PR0151906","98","20150522","","Routine"

"PR0008856","96","20140710","","Routine"

"PR0173303","90","20160512","","Routine"

"PR0017297","100","20150922","","Routine"

"PR0039110","91","20141021","","Routine"

"PR0156346","90","20141218","","Routine"

"PR0041696","96","20150106","","Routine"

"PR0031695","97","20150106","","Routine"

"PR0010184","100","20150107","","Routine"

"PR0039451","95","20150109","","Routine"

"PR0120876","97","20150109","","Routine"

"PR0151048","91","20150109","","Routine"

"PR0156341","97","20150113","","Routine"

"PR0156080","90","20150113","","Routine"

"PR0154086","100","20150115","","Routine"

"PR0036727","90","20150115","","Routine"

"PR0156429","97","20150115","","Routine"

"PR0156513","82","20150120","","Routine"

"PR0156757","90","20150120","","Routine"

"PR0002536","90","20150116","","Routine"

"PR0148232","91","20150121","","Routine"

"PR0033084","96","20140707","","Routine"

"PR0008320","95","20150122","","Routine"

"PR0000220","96","20150126","","Routine"

"PR0018804","96","20150123","","Routine"

"PR0029905","99","20150127","","Routine"

"PR0033090","96","20150127","","Routine"

"PR0044442","92","20150123","","Routine"

"PR0037909","98","20150129","","Routine"

"PR0018520","91","20150129","","Routine"

"PR0039588","92","20150203","","Routine"

"PR0014902","96","20150205","","Routine"

"PR0004014","100","20150205","","Routine"

"PR0009527","95","20140912","","Routine"

"PR0156311","94","20150212","","Routine"

"PR0019394","90","20150212","","Routine"

"PR0150934","95","20150204","","Routine"

"PR0144330","95","20150204","","Routine"

"PR0128706","100","20150204","","Routine"

"PR0148012","90","20150212","","Routine"

"PR0121020","91","20150217","","Routine"

"PR0026680","90","20150217","","Routine"

"PR0122367","95","20150515","","Routine"

"PR0011182","98","20150218","","Routine"

"PR0015585","98","20150218","","Routine"

"PR0029622","90","20150219","","Routine"

"PR0157587","99","20150220","","Routine"

"PR0031606","100","20150220","","Routine"

"PR0017958","100","20150220","","Routine"

"PR0010216","100","20150220","","Routine"

"PR0044272","100","20150220","","Routine"

"PR0029506","96","20150224","","Routine"

"PR0146046","90","20150224","","Routine"

"PR0012288","96","20150611","","Routine"

"PR0043823","91","20150218","","Routine"

"PR0144444","97","20150225","","Routine"

"PR0035294","91","20150226","","Routine"

"PR0157532","91","20150226","","Routine"

"PR0153293","0","20150226","","Routine"

"PR0007118","99","20150226","","Routine"

"PR0032029","95","20150227","","Routine"

"PR0156907","94","20150212","","Routine"

"PR0045678","92","20150225","","Routine"

"PR0156401","97","20150224","","Routine"

"PR0123213","96","20150225","","Routine"

"PR0153035","90","20150225","","Routine"

"PR0047350","83","20150129","","Routine"

"PR0024473","94","20150227","","Routine"

"PR0044670","81","20150304","","Routine"

"PR0029472","90","20150227","","Routine"

"PR0157971","93","20150303","","Routine"

"PR0001469","93","20150303","","Routine"

"PR0035384","87","20150304","","Routine"

"PR0157854","98","20150305","","Routine"

"PR0157913","90","20150309","","Routine"

"PR0008091","100","20150302","","Routine"

"PR0025495","100","20150302","","Routine"

"PR0009951","97","20150306","","Routine"

"PR0028706","95","20150306","","Routine"

"PR0024875","100","20150306","","Routine"

"PR0149519","100","20150311","","Routine"

"PR0031037","95","20150312","","Routine"

"PR0147736","96","20150312","","Routine"

"PR0153829","90","20150312","","Routine"

"PR0158108","91","20150312","","Routine"

"PR0146278","92","20150312","","Routine"

"PR0158171","98","20150312","","Routine"

"PR0046834","99","20150312","","Routine"

"PR0044309","96","20150312","","Routine"

"PR0031958","90","20150312","","Routine"

"PR0028577","89","20150313","","Routine"

"PR0031773","98","20150313","","Routine"

"PR0006798","97","20150313","","Routine"

"PR0019186","97","20150313","","Routine"

"PR0006102","99","20150313","","Routine"

"PR0041881","95","20150313","","Routine"

"PR0036822","99","20150312","","Routine"

"PR0158268","100","20150313","","Routine"

"PR0008523","100","20150313","","Routine"

"PR0136383","93","20150316","","Routine"

"PR0008788","90","20150316","","Routine"

"PR0024613","96","20150316","","Routine"

"PR0136384","92","20150316","","Routine"

"PR0026874","90","20150316","","Routine"

"PR0018329","98","20150316","","Routine"

"PR0160435","97","20150317","","Routine"

"PR0045885","91","20150318","","Routine"

"PR0145957","100","20150318","","Routine"

"PR0029584","98","20150318","","Routine"

"PR0028982","100","20150318","","Routine"

"PR0023873","96","20150318","","Routine"

"PR0175137","95","20160229","","Routine"

"PR0035458","92","20160321","","Routine"

"PR0039003","96","20150805","","Routine"

"PR0021099","90","20160404","","Routine"

"PR0148235","97","20160107","","Routine"

"PR0153996","94","20151209","","Routine"

"PR0046500","98","20160126","","Routine"

"PR0150390","98","20150428","","Routine"

"PR0129042","94","20150122","","Routine"

"PR0019479","99","20140624","","Routine"

"PR0153475","91","20150604","","Routine"

"PR0153515","92","20150505","","Routine"

"PR0015360","92","20140725","","Routine"

"PR0009053","100","20150327","","Routine"

"PR0020260","95","20160126","","Routine"

"PR0044452","97","20141007","","Routine"

"PR0043636","92","20150505","","Routine"

"PR0047195","98","20140811","","Routine"

"PR0019362","94","20150115","","Routine"

"PR0020186","99","20150212","","Routine"

"PR0026645","92","20150218","","Routine"

"PR0037726","92","20150709","","Routine"

"PR0046957","92","20151123","","Routine"

"PR0016369","92","20150122","","Routine"

"PR0036387","90","20160204","","Routine"

"PR0034152","94","20141028","","Routine"

"PR0171983","95","20160315","","Routine"

"PR0120973","98","20140703","","Routine"

"PR0024537","97","20160427","","Routine"

"PR0005467","91","20151029","","Routine"

"PR0150485","95","20151105","","Routine"

"PR0005705","97","20150204","","Routine"

"PR0037394","96","20150922","","Routine"

"PR0043336","92","20150819","","Routine"

"PR0018344","98","20151221","","Routine"

"PR0130626","97","20140814","","Routine"

"PR0011130","99","20140924","","Routine"

"PR0151410","96","20140912","","Routine"

"PR0040491","90","20150310","","Routine"

"PR0146238","99","20140604","","Routine"

"PR0025907","97","20160310","","Routine"

"PR0026446","97","20160121","","Routine"

"PR0021494","90","20150105","","Routine"

"PR0000095","97","20151120","","Routine"

"PR0045202","94","20160322","","Routine"

"PR0127451","95","20150507","","Routine"

"PR0175780","93","20160509","","Routine"

"PR0149182","97","20151014","","Routine"

"PR0006150","94","20150820","","Routine"

"PR0001610","95","20160212","","Routine"

"PR0167630","93","20160308","","Routine"

"PR0003796","97","20150527","","Routine"

"PR0045174","98","20140623","","Routine"

"PR0037539","97","20150903","","Routine"

"PR0150140","99","20151027","","Routine"

"PR0020462","96","20160330","","Routine"

"PR0035145","97","20151028","","Routine"

"PR0031636","95","20150923","","Routine"

"PR0166671","90","20160120","","Routine"

"PR0164335","90","20160211","","Routine"

"PR0028668","93","20151229","","Routine"

"PR0024328","98","20151019","","Routine"

"PR0009939","94","20140609","","Routine"

"PR0042831","93","20141119","","Routine"

"PR0128090","95","20151021","","Routine"

"PR0127050","97","20150102","","Routine"

"PR0030022","96","20140522","","Routine"

"PR0007193","97","20141113","","Routine"

"PR0034453","91","20140630","","Routine"

"PR0047901","93","20150520","","Routine"

"PR0036207","97","20150924","","Routine"

"PR0122771","90","20140923","","Routine"

"PR0156998","95","20160304","","Routine"

"PR0024082","88","20150602","","Routine"

"PR0043088","98","20140530","","Routine"

"PR0039528","96","20160229","","Routine"

"PR0008406","97","20140604","","Routine"

"PR0020561","96","20151016","","Routine"

"PR0153681","84","20150902","","Routine"

"PR0005481","99","20160426","","Routine"

"PR0035211","98","20160202","","Routine"

"PR0022677","92","20160426","","Routine"

"PR0008225","97","20150917","","Routine"

"PR0005605","97","20141219","","Routine"

"PR0006594","91","20160512","","Routine"

"PR0160483","93","20150320","","Routine"

"PR0143581","93","20150325","","Routine"

"PR0005805","97","20150324","","Routine"

"PR0001408","98","20150324","","Routine"

"PR0158012","98","20150324","","Routine"

"PR0019204","97","20150325","","Routine"

"PR0044341","99","20150325","","Routine"

"PR0032924","98","20150325","","Routine"

"PR0045729","99","20150325","","Routine"

"PR0023745","91","20150330","","Routine"

"PR0016942","96","20150330","","Routine"

"PR0044085","95","20150331","","Routine"

"PR0147717","95","20150331","","Routine"

"PR0043720","98","20150330","","Routine"

"PR0034733","97","20150330","","Routine"

"PR0149671","98","20150401","","Routine"

"PR0152089","100","20150325","","Routine"

"PR0152089","100","20150325","","Routine"

"PR0028117","96","20150326","","Routine"

"PR0146190","98","20150326","","Routine"

"PR0045113","99","20150407","","Routine"

"PR0004336","95","20150407","","Routine"

"PR0009220","90","20150407","","Routine"

"PR0146686","97","20150407","","Routine"

"PR0034246","94","20150408","","Routine"

"PR0006113","96","20150408","","Routine"

"PR0004361","91","20150708","","Routine"

"PR0157737","96","20160421","","Routine"

"PR0122794","91","20150526","","Routine"

"PR0009241","88","20150217","","Routine"

"PR0039361","100","20150409","","Routine"

"PR0042663","94","20150413","","Routine"

"PR0121598","100","20150413","","Routine"

"PR0149037","98","20150413","","Routine"

"PR0012504","100","20150414","","Routine"

"PR0120868","82","20150414","","Routine"

"PR0151425","97","20140910","","Routine"

"PR0033703","100","20150415","","Routine"

"PR0149505","97","20150416","","Routine"

"PR0149341","100","20150416","","Routine"

"PR0150472","100","20150417","","Routine"

"PR0043816","97","20150417","","Routine"

"PR0150446","99","20150416","","Routine"

"PR0161014","90","20150420","","Routine"
