"business_id","name","address","city","state","postal_code","latitude","longitude","phone_number"

"10","7-ELEVEN","966 S MILL ST","LEWISVILLE","TX","","33.0336","-96.9923",""

"14","7-ELEVEN","193 W CORPORATE DR SUITE A","LEWISVILLE","TX","","33.0123","-96.9934",""

"148","7-ELEVEN","724 HEBRON PKWY","LEWISVILLE","TX","","33.0098","-96.9679",""

"2186","7-ELEVEN","1302 W MAIN ST","LEWISVILLE","TX","","33.042","-97.0276",""

"239","7-ELEVEN","460 E FM 3040","LEWISVILLE","TX","","33.0044","-96.9786",""

"242","7-ELEVEN","529 SH 121","LEWISVILLE","TX","","32.9933","-96.9754",""

"245","7-ELEVEN","1001 FOX AVE","LEWISVILLE","TX","","33.0351","-97.0105",""

"2313","7-ELEVEN #35385","1501 FM 407","LEWISVILLE","TX","","33.0717","-97.0361",""

"11","99 CENTS ONLY STORE PLUS","383 HUFFINES PLZ SUITE 255A","LEWISVILLE","TX","","33.0338","-96.9961",""

"13","ACADEMY SPORTS & OUTDOORS","2428 S I 35E SUITE A","LEWISVILLE","TX","","33.0064","-96.9678",""

"4500","AFRICAN GROCERY STORE","1598 S VALLEY PKWY SUITE 101","LEWISVILLE","TX","","33.0279","-97.0194",""

"248","ALBERTSONS #4280 - BAKERY","1087 W MAIN ST","LEWISVILLE","TX","","33.0435","-97.019",""

"249","ALBERTSONS #4280 - DELI","1087 W MAIN ST","LEWISVILLE","TX","","33.0435","-97.019",""

"250","ALBERTSONS #4280 - RETAIL","1087 W MAIN ST","LEWISVILLE","TX","","33.0435","-97.019",""

"16","ALDI FOOD MARKET #62","1585 W MAIN ST","LEWISVILLE","TX","","33.0428","-97.0349",""

"7","ALFREDO'S PIZZA AND PASTA","2305 S SH 121 BUS SUITE 225","LEWISVILLE","TX","","33.0133","-96.9942",""

"17","ALL FOR YOUR CAKES","2154 S SH 121 BUS SUITE 400","LEWISVILLE","TX","","33.0118","-96.9916",""

"251","ALLY CAFE","2911 LAKE VISTA DR","LEWISVILLE","TX","","32.991","-96.9657",""

"263","AMERICAN FOOD MART","695 FOX AVE","LEWISVILLE","TX","","33.038","-97.0034",""

"265","AMF LEWISVILLE LANES","1398 W MAIN ST","LEWISVILLE","TX","","33.0414","-97.0304",""

"2196","ANGELINA'S MEXICAN RESTAURANT","1396 W MAIN ST","LEWISVILLE","TX","","33.0413","-97.0307",""

"19","APPLEBEE'S","543 E FM 3040","LEWISVILLE","TX","","33.0052","-96.976",""

"252","ARBOR HOUSE ASSISTED LIVING CENTER","2215 ROCKBROOK DR","LEWISVILLE","TX","","33.0097","-96.9821",""

"1729","ARBYS","220 E FM 3040","LEWISVILLE","TX","","33.0032","-96.9886",""

"3","ASIAN MART","125 BELLAIRE BLVD SUITE 600","LEWISVILLE","TX","","33.028","-96.9942",""

"269","AT HOME","2512 S I 35E","LEWISVILLE","TX","","33.0037","-96.9623",""

"604","AVALON CAFE","1547 S I 35E","LEWISVILLE","TX","","33.021","-96.9873",""

"220","AW SHUCKS OYSTER BAR","1630 S I 35E","LEWISVILLE","TX","","33.0217","-96.9848",""

"605","B & B NEWS AND MORE","2401 S I 35E SUITE 1138","LEWISVILLE","TX","","33.0022","-96.9718",""

"6","BAAN THAI RESTAURANT","297 W FM 3040 SUITE 160","LEWISVILLE","TX","","33.0039","-96.9979",""

"606","BABIES""R""US","420 E FM 3040 SUITE 400","LEWISVILLE","TX","","33.0028","-96.9795",""

"254","BAHAMA BUCKS","2320 S VALLEY PKWY","LEWISVILLE","TX","","33.0074","-97.0199",""

"607","BARNES & NOBLE CAFE","2325 S I 35E SUITE 401","LEWISVILLE","TX","","33.0084","-96.9783",""

"122","BAYMONT INN AND SUITES","885 S I 35E","LEWISVILLE","TX","","33.0368","-97.0018",""

"608","BAYOU MARKET","101 E SOUTHWEST PKWY SUITE 118","LEWISVILLE","TX","","33.0197","-96.9919",""

"609","BED BATH & BEYOND","420 E FM 3040 SUITE 300","LEWISVILLE","TX","","33.0028","-96.9795",""

"123","BEST WESTERN INN AND SUITES","330 E CORPORATE DR","LEWISVILLE","TX","","33.0163","-96.9843",""

"1901","BIG JACK'S BBQ","1168 W MAIN ST SUITE B","LEWISVILLE","TX","","33.0414","-97.022",""

"2187","BIG LOTS #1487","1374 W MAIN ST","LEWISVILLE","TX","","33.0415","-97.0288",""

"323","BJ'S RESTAURANT","2609 S I 35E","LEWISVILLE","TX","","33.0003","-96.9622",""

"440","BLOSSOM VALLEY ACADEMY","1252 COLLEGE PKWY","LEWISVILLE","TX","","33.0472","-97.0262",""

"312","BLUE OCEAN SUSHI AND ASIAN GRILL","533 SH 121 SUITE B9","LEWISVILLE","TX","","32.9933","-96.9754",""

"612","BLUM'S DONUTS","1278 FM 407 SUITE 101","LEWISVILLE","TX","","33.071","-97.027",""

"613","BOBA WORLD","291 E FM 3040 SUITE 190","LEWISVILLE","TX","","33.0051","-96.9859",""

"802","BOSTON MARKET","1570 W MAIN ST","LEWISVILLE","TX","","33.0419","-97.0345",""

"805","BRAUM'S","812 S I 35E","LEWISVILLE","TX","","33.038","-97.0003",""

"3229","BRIGHT HORIZONS AT MEDICAL OF LEWISVILLE","423 N ELM ST","LEWISVILLE","TX","","33.0447","-97.0017",""

"422","BROOKDALE LEWISVILLE","965 N GARDEN RIDGE BLVD","LEWISVILLE","TX","","33.0552","-97.0347",""

"806","BROWNIE'S FOOD MART","101 LAKE PARK RD SUITE A","LEWISVILLE","TX","","33.0719","-97.0095",""

"324","BUFFALO WILD WINGS","2613 S I 35E","LEWISVILLE","TX","","32.9999","-96.9616",""

"807","BUFFET PALACE","724 W MAIN ST SUITE 300","LEWISVILLE","TX","","33.0453","-97.0122",""

"1830","BURGER KING","1104 W MAIN ST","LEWISVILLE","TX","","33.0418","-97.0209",""

"2365","BURGER KING","1313 S SH 121 BUS","LEWISVILLE","TX","","33.0248","-96.9932",""

"2366","BURGER KING","908 VALLEY RIDGE BLVD","LEWISVILLE","TX","","33.0555","-97.0155",""

"281","CAJUN CRAWFISH","1671 RIVERVIEW DR SUITE 114","LEWISVILLE","TX","","33.0454","-96.9458",""

"815","CANDY WORLD","2401 S I 35E SUITE 2102","LEWISVILLE","TX","","33.0022","-96.9718",""

"816","CANTINA LAREDO","2225 S I 35E","LEWISVILLE","TX","","33.0086","-96.9771",""

"125","CANUCKS","1102 TEXAS ST SUITE A","LEWISVILLE","TX","","33.031","-96.9918",""

"1212","CARMINE'S PIZZERIA","1565 W MAIN ST SUITE 210","LEWISVILLE","TX","","33.0439","-97.0328",""

"1213","CHEF AIMEE'S PERSONAL CATERING","101 E SOUTHWEST PKWY SUITE 106","LEWISVILLE","TX","","33.0197","-96.9919",""

"2583","CHEVRON","877 S I 35E","LEWISVILLE","TX","","33.0371","-97.0022",""

"2584","CHEVRON","1301 S SH 121 BUS","LEWISVILLE","TX","","33.0273","-96.9932",""

"2154","CHEVRON FOOD MART","1298 W MAIN ST","LEWISVILLE","TX","","33.0418","-97.0271",""

"1214","CHICK-FIL-A","483 E FM 3040","LEWISVILLE","TX","","33.0054","-96.9777",""

"2317","CHICK-FIL-A","749 W MAIN ST","LEWISVILLE","TX","","33.0468","-97.0106",""

"1217","CHILDREN'S COURTYARD","1504 N GARDEN RIDGE BLVD","LEWISVILLE","TX","","33.064","-97.0361",""

"2332","CHILDREN'S COURTYARD","2155 WILLOW GROVE DR","LEWISVILLE","TX","","33.0063","-97.0087",""

"2334","CHILDREN'S COURTYARD","2160 S EDMONDS LN","LEWISVILLE","TX","","33.0062","-97.0074",""

"2328","CHILDTIME LEARNING CENTER","249 E FM 3040 SUITE A","LEWISVILLE","TX","","33.0042","-96.9871",""

"2331","CHILDTIME LEARNING CENTER","1597 GLENCAIRN LN","LEWISVILLE","TX","","33.0458","-97.0356",""

"1221","CHILI'S","1935 S I 35E","LEWISVILLE","TX","","33.0151","-96.9823",""

"2039","CHIPOTLE GRILL","722 W MAIN ST","LEWISVILLE","TX","","33.0461","-97.0103",""

"322","CHIPOTLE GRILL","2605 S I 35E","LEWISVILLE","TX","","33.0007","-96.9625",""

"626","CHOKHLEI MARKET","1598 S VALLEY PKWY SUITE 106","LEWISVILLE","TX","","33.0279","-97.0194",""

"434","CHUCK E CHEESE","2402 S I 35E","LEWISVILLE","TX","","33.0064","-96.9678",""

"1222","CHURCH'S CHICKEN","1298 S SH 121 BUS","LEWISVILLE","TX","","33.0276","-96.9927",""

"2058","CICI'S PIZZA","724 W MAIN ST SUITE 400","LEWISVILLE","TX","","33.0453","-97.0122",""

"1931","CIGARETTE MART","998 N GARDEN RIDGE BLVD SUITE 100","LEWISVILLE","TX","","33.0566","-97.036",""

"1223","CIMARRON LIVING CENTER","1680 S EDMONDS LN","LEWISVILLE","TX","","33.0251","-97.0123",""

"725","CINEMARK 15","2401 S I 35E SUITE 0004","LEWISVILLE","TX","","33.0022","-96.9718",""

"819","CINEMARK MOVIES 8","420 OAKBEND DR","LEWISVILLE","TX","","33.0097","-96.9798",""

"3886","COFFEEHOLIC","310 E FM 3040 SUITE 300","LEWISVILLE","TX","","33.0042","-96.9846",""

"1227","COLD'S BEVERAGE","359 LAKE PARK RD SUITE A1","LEWISVILLE","TX","","33.0721","-97.0167",""

"126","COMFORT SUITES","755 E VISTA RIDGE MALL DR BLDG A","LEWISVILLE","TX","","33.001","-96.9671",""

"1309","CON SABOR A MEXICO","612 S MILL ST","LEWISVILLE","TX","","33.0417","-96.9934",""

"3412","CONVENIENCE PLUS","1010 S EDMONDS LN SUITE 202","LEWISVILLE","TX","","33.0361","-97.0107",""

"1251","CORPORATE CHEVRON","102 E CORPORATE DR","LEWISVILLE","TX","","33.0119","-96.9927",""

"1253","COSMIC JUMP","1915 S I 35E","LEWISVILLE","TX","","33.0157","-96.9834",""

"2367","COSTCO - BAKERY","851 SH 121","LEWISVILLE","TX","","32.9978","-96.9642",""

"5277","COSTCO - CDS","851 SH 121","LEWISVILLE","TX","","32.9978","-96.9642",""

"2368","COSTCO - DELI","851 SH 121","LEWISVILLE","TX","","32.9978","-96.9642",""

"2369","COSTCO - FOOD COURT","851 SH 121","LEWISVILLE","TX","","32.9978","-96.9642",""

"2370","COSTCO - RETAIL & MEAT MARKET","851 SH 121","LEWISVILLE","TX","","32.9978","-96.9642",""

"154","COTTON PATCH CAFE","420 E FM 3040 SUITE 100","LEWISVILLE","TX","","33.0028","-96.9795",""

"128","COURTYARD BY MARRIOTT LEWISVILLE","2701 LAKE VISTA DR","LEWISVILLE","TX","","32.9971","-96.965",""

"3174","CRACKER BARREL","889 S I 35E","LEWISVILLE","TX","","33.0365","-97.0016",""

"1254","CRAZY 8'S BILLIARDS","2302 S SH 121 BUS SUITE 160","LEWISVILLE","TX","","33.0135","-96.9924",""

"902","CRISTINA'S FINE MEXICAN RESTAURANT","360 E FM 3040 SUITE 800","LEWISVILLE","TX","","33.0043","-96.9826",""

"2318","CROSSMARK","801 W MAIN ST","LEWISVILLE","TX","","33.0466","-97.0138",""

"2319","CROSSMARK","751 W MAIN ST","LEWISVILLE","TX","","33.0487","-97.0117",""

"2320","CROSSMARK","1515 FM 407","LEWISVILLE","TX","","33.0729","-97.0381",""

"1260","CROSSMARK EVENTS","190 E FM 3040","LEWISVILLE","TX","","33.0023","-96.9913",""

"2371","CVS PHARMACY","1496 FM 407","LEWISVILLE","TX","","33.0711","-97.0354",""

"1694","CVS PHARMACY #2977","100 W CORPORATE DR","LEWISVILLE","TX","","33.0119","-96.9936",""

"768","CVS PHARMARCY #6865","1099 W MAIN ST","LEWISVILLE","TX","","33.0423","-97.0203",""

"2071","DAIRY QUEEN","825 W MAIN ST","LEWISVILLE","TX","","33.0457","-97.013",""

"2379","DENNY'S #7846","2267 S I 35E","LEWISVILLE","TX","","33.0079","-96.9764",""

"1859","DICKEY'S BARBECUE PIT","1511 FM 407 SUITE 118A","LEWISVILLE","TX","","33.0725","-97.0368",""

"469","DICKEY'S BARBECUE PIT","717 HEBRON PKWY SUITE 130","LEWISVILLE","TX","","33.0097","-96.9701",""

"2545","DINGDI MYANMAR RESTAURANT","1165 S I 35E SUITE 184","LEWISVILLE","TX","","33.0296","-96.9951",""

"1832","DOLLAR GENERAL","1106 W MAIN ST SUITE A","LEWISVILLE","TX","","33.0414","-97.022",""

"2375","DOLLAR GENERAL","502 S OLD ORCHARD LN SUITE 112","LEWISVILLE","TX","","33.0397","-97.0278",""

"2382","DOLLAR GENERAL","383 HUFFINES PLZ SUITE 237","LEWISVILLE","TX","","33.0338","-96.9961",""

"2185","DOLLAR TREE","951 W MAIN ST SUITE B","LEWISVILLE","TX","","33.044","-97.0182",""

"2384","DOLLAR TREE","2325 S I 35E SUITE 501","LEWISVILLE","TX","","33.0084","-96.9783",""

"2385","DOMINO'S PIZZA","175 W SOUTHWEST PKWY SUITE B","LEWISVILLE","TX","","33.0198","-96.9948",""

"3889","DOMINO'S PIZZA","502 S OLD ORCHARD LN SUITE 104","LEWISVILLE","TX","","33.0397","-97.0278",""

"4713","DON'S SMOKEHOUSE","1165 S I 35E SUITE 176","LEWISVILLE","TX","","33.0296","-96.9951",""

"1633","DONUT PALACE","2302 S SH 121 BUS SUITE 118","LEWISVILLE","TX","","33.0135","-96.9924",""

"2152","DONUT PALACE","1288 W MAIN ST SUITE 248","LEWISVILLE","TX","","33.041","-97.0248",""

"760","DRAGON EXPRESS","1093 W MAIN ST SUITE 202","LEWISVILLE","TX","","33.0451","-97.0202",""

"1","DREAMY DONUTS","359 LAKE PARK RD SUITE 110","LEWISVILLE","TX","","33.0721","-97.0167",""

"2","DRUNKEN DONKEY","301 W FM 3040 SUITE 109","LEWISVILLE","TX","","33.0039","-96.9987",""

"2227","DUNKIN DONUTS","1510 W MAIN ST","LEWISVILLE","TX","","33.0418","-97.033",""

"2955","EASY STREET CAFE","190 W MAIN ST SUITE 108","LEWISVILLE","TX","","33.0458","-96.9959",""

"1856","EDIBLE ARRANGEMENTS","1511 FM 407 SUITE 114A","LEWISVILLE","TX","","33.0725","-97.0368",""

"787","EINSTEIN BROS BAGELS","500 E FM 3040 SUITE 112","LEWISVILLE","TX","","33.0031","-96.9774",""

"2391","EL FENIX","350 E SOUTHWEST PKWY","LEWISVILLE","TX","","33.0147","-96.9831",""

"2392","EL POLLO REGIO","383 HUFFINES PLZ SUITE 303A","LEWISVILLE","TX","","33.0338","-96.9961",""

"2394","EL RANCHO - BAKERY","701 S I 35E SUITE 150","LEWISVILLE","TX","","33.0376","-97.0044",""

"2396","EL RANCHO - KITCHEN","701 S I 35E SUITE 150","LEWISVILLE","TX","","33.0376","-97.0044",""

"2397","EL RANCHO - RETAIL/MEAT MARKET","701 S I 35E SUITE 150","LEWISVILLE","TX","","33.0376","-97.0044",""

"2576","EL RUMBERO","2405 E SH 121 BUS","LEWISVILLE","TX","","33.0537","-96.9181",""

"2403","ELMCROFT OF VISTA RIDGE","400 HIGHLAND DR","LEWISVILLE","TX","","32.9929","-96.9806",""

"2414","ELOTES ADRIANA","1235 S SH 121 BUS","LEWISVILLE","TX","","33.0278","-96.9932",""

"4504","ELOTES ANGELES","1297 FM 407 SUITE 300","LEWISVILLE","TX","","33.072","-97.0265",""

"2415","ELOTES DONA CARMEN #1","1019 FOX AVE","LEWISVILLE","TX","","33.036","-97.0119",""

"2416","ELOTES DONA CARMEN #2","383 HUFFINES PLZ SUITE A","LEWISVILLE","TX","","33.0338","-96.9961",""

"2429","ELOTES DONA CARMEN #3","701 S I 35E SUITE 150","LEWISVILLE","TX","","33.0376","-97.0044",""

"2433","ELOTES EL TIANGUIS","101 S I 35E","LEWISVILLE","TX","","33.0461","-97.0096",""

"2438","ELOTES FANNY","380 E SH 121 BUS SUITE 100","LEWISVILLE","TX","","33.034","-96.9912",""

"2585","EXXON - SPEED MAX","521 E SH 121 BUS","LEWISVILLE","TX","","33.0364","-96.9903",""

"1506","EXXON - WHIP IN","101 HOLFORDS PRAIRIE RD SUITE 101","LEWISVILLE","TX","","33.0481","-96.9362",""

"131","FAIRFIELD INN","2697 LAKE VISTA DR","LEWISVILLE","TX","","32.9975","-96.966",""

"2413","FAT COW BBQ","850 VALLEY RIDGE BLVD SUITE 128","LEWISVILLE","TX","","33.0555","-97.0141",""

"2691","FAT COW BBQ","500 E FM 3040 SUITE 115","LEWISVILLE","TX","","33.0031","-96.9774",""

"2586","FINA - SAM FOOD MART","905 N MILL ST","LEWISVILLE","TX","","33.057","-97.0008",""

"2144","FIREHOUSE SUBS","2325 S I 35E SUITE 308","LEWISVILLE","TX","","33.0084","-96.9783",""

"346","FIVE GUYS BURGERS","859 SH 121 SUITE C","LEWISVILLE","TX","","32.9991","-96.9614",""

"5701","FREDS DOWNTOWN PHILLY","724 W MAIN ST SUITE 380","LEWISVILLE","TX","","33.0453","-97.0122",""

"2142","FREEBIRDS WORLD BURRITO","565 E FM 3040 SUITE 201","LEWISVILLE","TX","","33.0053","-96.975",""

"1973","FRESH & CREAMY DONUTS","982 N GARDEN RIDGE BLVD SUITE 200","LEWISVILLE","TX","","33.0558","-97.0363",""

"722","FRULLATI CAFE","2401 S I 35E SUITE 2348","LEWISVILLE","TX","","33.0022","-96.9718",""

"2440","FUENTE DE SODAS CORTAZAR","618 S MILL ST","LEWISVILLE","TX","","33.0418","-96.993",""

"2084","FUZZY'S TACO SHOP","1288 W MAIN ST SUITE 117","LEWISVILLE","TX","","33.0415","-97.0266",""

"541","GANDER MOUNTAIN","723 HEBRON PKWY","LEWISVILLE","TX","","33.011","-96.9721",""

"1665","GARDEN RIDGE PREPARATORY SCHOOL","301 S GARDEN RIDGE BLVD","LEWISVILLE","TX","","33.0413","-97.0356",""

"1636","GET FIT NUTRITION","2302 S SH 121 BUS SUITE 140","LEWISVILLE","TX","","33.0135","-96.9924",""

"4812","GIOVANNI'S ITALIANO CAFE","1079 W FM 3040 SUITE 600","LEWISVILLE","TX","","33.0064","-97.0171",""

"763","GNC #1308","1093 W MAIN ST SUITE 210","LEWISVILLE","TX","","33.0451","-97.0202",""

"629","GNC #5350","2401 S I 35E SUITE 2300","LEWISVILLE","TX","","33.0022","-96.9718",""

"360","GOING BONKERS","2565 MACARTHUR BLVD","LEWISVILLE","TX","","33.0016","-96.9757",""

"1245","GOLDEN CHICK","179 N VALLEY PKWY","LEWISVILLE","TX","","33.0434","-97.0201",""

"2254","GOOD TIMES CAJUN CUISINE","1565 W MAIN ST SUITE 225","LEWISVILLE","TX","","33.0439","-97.0328",""

"2169","GOURMET DONUTS & WATER","1330 W MAIN ST SUITE A","LEWISVILLE","TX","","33.0415","-97.0288",""

"1933","GRAN DOLLAR Y MAS","1003 FOX AVE SUITE 100","LEWISVILLE","TX","","33.0355","-97.0109",""

"999","GRANDY'S","401 S I 35E","LEWISVILLE","TX","","33.0433","-97.0077",""

"656","GREAT AMERICAN COOKIES","2401 S I 35E SUITE 2358","LEWISVILLE","TX","","33.0022","-96.9718",""

"233","HALLMARK CREATIONS","2417 S I 35E SUITE 102","LEWISVILLE","TX","","33.0046","-96.9694",""

"1919","HAM & EGGS","297 W FM 3040 SUITE 190","LEWISVILLE","TX","","33.0039","-96.9979",""

"132","HAMPTON INN & SUITES","2650 LAKE VISTA DR","LEWISVILLE","TX","","32.9979","-96.9681",""

"2140","HARVEST CHINESE RESTAURANT","1288 W MAIN ST SUITE 231","LEWISVILLE","TX","","33.041","-97.0248",""

"1693","HAT TRICKS","101 E CORPORATE DR SUITE 300","LEWISVILLE","TX","","33.0125","-96.9924",""

"1899","HEALTH NUTRITION CENTER","1118 W MAIN ST","LEWISVILLE","TX","","33.0414","-97.022",""

"620","HEAVENLY DONUTS","1598 S VALLEY PKWY SUITE 102","LEWISVILLE","TX","","33.0279","-97.0194",""

"578","HEBRON DONUTS","721 HEBRON PKWY SUITE 106","LEWISVILLE","TX","","33.0102","-96.9695",""

"3359","HEY! WHAT'S 4 DINNER?","2488 MEADOWGLEN DR","LEWISVILLE","TX","","33.0054","-97.0021",""

"2444","HICKORY FARMS","2401 S I 35E","LEWISVILLE","TX","","33.0022","-96.9718",""

"1670","HIGH MEADOWS ACADEMY","1702 FM 407","LEWISVILLE","TX","","33.071","-97.0445",""

"32","HILTON GARDEN INN","785 SH 121","LEWISVILLE","TX","","32.9959","-96.9674",""

"133","HOLIDAY INN EXPRESS","780 E VISTA RIDGE MALL DR","LEWISVILLE","TX","","32.9997","-96.9656",""

"904","HONEY BAKED HAM","360 E FM 3040 SUITE 860","LEWISVILLE","TX","","33.0043","-96.9826",""

"586","HOOTERS","1960 S I 35E","LEWISVILLE","TX","","33.0159","-96.9804",""

"1584","HOT SHOTS BAR & GRILL","1602 S SH 121 BUS","LEWISVILLE","TX","","33.0222","-96.9924",""

"2446","I-35 CAFE","1303 RIDGEVIEW DR","LEWISVILLE","TX","","33.0228","-96.9813",""

"2447","IHOP","647 W MAIN ST","LEWISVILLE","TX","","33.0468","-97.0077",""

"2448","IHOP","2345 S I 35E","LEWISVILLE","TX","","33.0063","-96.9747",""

"1767","INDOPAK SUPERMARKET","297 W FM 3040 SUITE 140","LEWISVILLE","TX","","33.0039","-96.9979",""

"1984","INTERSKATE OF TEXAS","1408 S SH 121 BUS","LEWISVILLE","TX","","33.026","-96.9919",""

"2264","IRENE'S BAKERY","116 W MAIN ST","LEWISVILLE","TX","","33.046","-96.9945",""

"27","IT'S GREEK TO ME","500 E FM 3040 SUITE 310","LEWISVILLE","TX","","33.0031","-96.9774",""

"765","ITALIAN VILLA RESTAURANT","1093 W MAIN ST SUITE 214","LEWISVILLE","TX","","33.0451","-97.0202",""

"2232","JACK IN THE BOX","1563 W MAIN ST","LEWISVILLE","TX","","33.0426","-97.0321",""

"624","JACK IN THE BOX","732 HEBRON PKWY","LEWISVILLE","TX","","33.0099","-96.9675",""

"2603","JALISCO'S RESTAURANT","1019 FOX AVE","LEWISVILLE","TX","","33.036","-97.0119",""

"26","JASON'S DELI","500 E FM 3040 SUITE 318","LEWISVILLE","TX","","33.0031","-96.9774",""

"764","JENNY CRAIG WEIGHT LOSS","1093 W MAIN ST SUITE 212","LEWISVILLE","TX","","33.0451","-97.0202",""

"2077","JIMMY JOHN'S","1286 W MAIN ST","LEWISVILLE","TX","","33.0418","-97.0255",""

"2452","JIMMY JOHNS","335 E FM 3040 SUITE 102","LEWISVILLE","TX","","33.005","-96.9839",""

"650","JINBEH","2440 S I 35E SUITE A","LEWISVILLE","TX","","33.0064","-96.9678",""

"2454","JOANN FABRICS & CRAFTS","2325 S I 35E SUITE 106","LEWISVILLE","TX","","33.0084","-96.9783",""

"652","JOE'S CRAB SHACK","2066 S I 35E","LEWISVILLE","TX","","33.0136","-96.9771",""

"1291","JOYOUS MONTESSORI","223 OAKWOOD LN","LEWISVILLE","TX","","33.0281","-96.9967",""

"2456","JPMORGAN CHASE CAFE","2777 LAKE VISTA DR","LEWISVILLE","TX","","32.9951","-96.9609",""

"1545","KAJI SUSHI & GRILL","335 E FM 3040 SUITE 102","LEWISVILLE","TX","","33.005","-96.9839",""

"2455","KAMAGANA SMOOTHIES","798 VISTA RIDGE MALL DR","LEWISVILLE","TX","","33.0006","-96.9651",""

"2226","KFC","1502 W MAIN ST","LEWISVILLE","TX","","33.042","-97.0324",""

"659","KFC","733 HEBRON PKWY","LEWISVILLE","TX","","33.011","-96.968",""

"4557","KOLACHE & DONUTS","301 W FM 3040 SUITE 112","LEWISVILLE","TX","","33.0039","-96.9987",""

"1299","KORNER CAFE","921 W MAIN ST","LEWISVILLE","TX","","33.0434","-97.0176",""

"203","KRISTI G'S CUPCAKES","2401 S I 35E SUITE 2104","LEWISVILLE","TX","","33.0022","-96.9718",""

"2587","KWIK-MART & TAQUERIA","1235 S SH 121 BUS","LEWISVILLE","TX","","33.0278","-96.9932",""

"2462","LA AZTECA MEAT MARKET","383 HUFFINES PLZ SUITE 225","LEWISVILLE","TX","","33.0338","-96.9961",""

"231","LA MADELEINE","2417 S I 35E SUITE 100","LEWISVILLE","TX","","33.0046","-96.9694",""

"5395","LA PLAYITA","502 S OLD ORCHARD LN SUITE 102","LEWISVILLE","TX","","33.0397","-97.0278",""

"810","LAKE VILLAGE NURSING HOME","169 LAKE PARK RD","LEWISVILLE","TX","","33.0722","-97.0125",""

"1000","LAKELAND BAPTIST CHURCH & SCHOOL","397 S I 35E","LEWISVILLE","TX","","33.0427","-97.0092",""

"2463","LANA'S CATERING","478 RICHLAND ST","LEWISVILLE","TX","","33.0476","-97.004",""

"1736","LANDMARK GRILL","1297 FM 407 SUITE 310","LEWISVILLE","TX","","33.072","-97.0265",""

"2687","LEWISVILLE ESTATES","800 COLLEGE PKWY","LEWISVILLE","TX","","33.0499","-97.014",""

"1996","LIL SHOP ON THE PLAZA","111 N POYDRAS ST","LEWISVILLE","TX","","33.0465","-96.9955",""

"783","LITEWOK","500 E FM 3040 SUITE 315","LEWISVILLE","TX","","33.0031","-96.9774",""

"2143","LITTLE CAESARS","1288 W MAIN ST SUITE 237","LEWISVILLE","TX","","33.041","-97.0248",""

"317","LOGAN'S ROADHOUSE","2513 S I 35E","LEWISVILLE","TX","","33.0016","-96.965",""

"752","LOS ALISOS MEXICAN RESTAURANT","101 HOLFORDS PRAIRIE RD SUITE 104","LEWISVILLE","TX","","33.0481","-96.9362",""

"601","LOS ARCOS MEXICAN RESTAURANT & SPORTS BAR","383 HUFFINES PLZ SUITE 225","LEWISVILLE","TX","","33.0338","-96.9961",""

"1854","LUCKY PANDA CAFE","1511 FM 407 SUITE 110A","LEWISVILLE","TX","","33.0725","-97.0368",""

"314","MACARONI GRILL","2437 S I 35E","LEWISVILLE","TX","","33.0035","-96.9678",""

"791","MAIN EVENT","2070 S I 35E","LEWISVILLE","TX","","33.0133","-96.9767",""

"49","MAIN STREET CAFE","231 E MAIN ST","LEWISVILLE","TX","","33.0465","-96.9919",""

"1768","MAMA'S PIZZA","297 W FM 3040 SUITE 170","LEWISVILLE","TX","","33.0039","-96.9979",""

"5584","MANGO LOCO","1320 W MAIN ST","LEWISVILLE","TX","","33.0415","-97.028",""

"2473","MARCO'S PIZZA","1079 W FM 3040 SUITE 100","LEWISVILLE","TX","","33.0064","-97.0171",""

"4562","MARINO'S ITALIAN PIZZA PASTA","1003 FOX AVE SUITE 173","LEWISVILLE","TX","","33.0355","-97.0109",""

"2470","MARISCOS 2000 RESTAURANT","1153 1/2 S I 35E","LEWISVILLE","TX","","33.0294","-96.9935",""

"137","MARRIOTT TOWNEPLACE SUITES","731 E VISTA RIDGE MALL DR","LEWISVILLE","TX","","32.9992","-96.9684",""

"2471","MARSHALLS","2325 S I 35E SUITE 107","LEWISVILLE","TX","","33.0084","-96.9783",""

"2472","MARTINEZ GRILL & TAQUERIA","788 S MILL ST SUITE 100","LEWISVILLE","TX","","33.0379","-96.9925",""

"4563","MASU SUSHI & SAKE","721 HEBRON PKWY SUITE 103","LEWISVILLE","TX","","33.0102","-96.9695",""

"1629","MCDONALD'S","2301 S SH 121 BUS","LEWISVILLE","TX","","33.0139","-96.9934",""

"1701","MCDONALD'S","1201 FM 407","LEWISVILLE","TX","","33.0718","-97.0233",""

"1743","MCDONALD'S","501 E FM 3040","LEWISVILLE","TX","","33.0053","-96.9772",""

"1882","MCDONALD'S","1107 W FM 3040","LEWISVILLE","TX","","33.0072","-97.0206",""

"2069","MCDONALD'S","765 W MAIN ST","LEWISVILLE","TX","","33.0466","-97.0111",""

"2287","MCDONALD'S","1598 W MAIN ST","LEWISVILLE","TX","","33.042","-97.0358",""

"2474","MCDONALD'S","190 E FM 3040 SUITE C","LEWISVILLE","TX","","33.0023","-96.9913",""

"2960","MEDICAL CENTER OF LEWISVILLE","500 W MAIN ST","LEWISVILLE","TX","","33.0442","-97.0039",""

"2476","MICHAELS","2325 S I 35E SUITE 402","LEWISVILLE","TX","","33.0084","-96.9783",""

"1143","MILL STREET DINER","727 S MILL ST","LEWISVILLE","TX","","33.0396","-96.9933",""

"5445","MINCHELLO'S PIZZERIA","2401 S I 35E SUITE 2332","LEWISVILLE","TX","","33.0022","-96.9718",""

"1674","MISSION DONUTS","2305 S SH 121 BUS SUITE 125","LEWISVILLE","TX","","33.0133","-96.9942",""

"1052","MR PRETZELS","2401 S I 35E SUITE 1300","LEWISVILLE","TX","","33.0022","-96.9718",""

"2480","NESTLE TOLL HOUSE","2401 S I 35E SUITE K69","LEWISVILLE","TX","","33.0022","-96.9718",""

"1794","NICK'S PIZZA & PASTA","1301 FM 407 SUITE 105","LEWISVILLE","TX","","33.0718","-97.0277",""

"2478","NORTHERN TOOL + EQUIPMENT","1329 S I 35E","LEWISVILLE","TX","","33.0256","-96.9911",""

"2508","NUEVO LEON HOT DOG CART","901 N I 35E","LEWISVILLE","TX","","33.0541","-97.013",""

"2087","NUTRISHOP","1288 W MAIN ST SUITE 115","LEWISVILLE","TX","","33.0415","-97.0266",""

"1063","OASIS CAFE","2401 S I 35E SUITE 1348","LEWISVILLE","TX","","33.0022","-96.9718",""

"2479","OFFICE MAX","2325 S I 35E SUITE 403","LEWISVILLE","TX","","33.0084","-96.9783",""

"1601","OJEDA'S","1680 S SH 121 BUS","LEWISVILLE","TX","","33.0209","-96.9924",""

"2323","OLD HOUSE BBQ","380 LAKE PARK RD","LEWISVILLE","TX","","33.0714","-97.0181",""

"2182","OLD TOWN MEAT MARKET","301 S MILL ST","LEWISVILLE","TX","","33.0442","-96.9946",""

"950","OLIVE GARDEN","2418 S I 35E","LEWISVILLE","TX","","33.0057","-96.9683",""

"953","ON THE BORDER MEXICAN GRILL & CANTINA","1890 S I 35E","LEWISVILLE","TX","","33.0167","-96.9812",""

"1686","ONE STOP FOOD STORE","101 E CORPORATE DR SUITE 110","LEWISVILLE","TX","","33.0125","-96.9924",""

"1683","OSVALDO'S MEAT MARKET","2305 S SH 121 BUS SUITE 110","LEWISVILLE","TX","","33.0133","-96.9942",""

"2482","OUTBACK STEAKHOUSE","2211 S I 35E","LEWISVILLE","TX","","33.0092","-96.9777",""

"2483","OUTTAKES QUICK CUISINE","800 SH 121","LEWISVILLE","TX","","32.9932","-96.9663",""

"2799","PAISANOS TAQUERIA","503 S I 35E","LEWISVILLE","TX","","33.0424","-97.0072",""

"5783","PALETERIA MICHOACANA","701 S I 35E SUITE 220","LEWISVILLE","TX","","33.0376","-97.0044",""

"326","PANADERIA 7 ESTRELLAS","401 N VALLEY PKWY SUITE 300","LEWISVILLE","TX","","33.0455","-97.0202",""

"2504","PANADERIA MEXICANA ZAFIRO","788 S MILL ST SUITE 500","LEWISVILLE","TX","","33.0379","-96.9925",""

"2505","PANDA EXPRESS","2325 S I 35E SUITE 307","LEWISVILLE","TX","","33.0084","-96.9783",""

"655","PANDA EXPRESS","2401 S I 35E SUITE 2346","LEWISVILLE","TX","","33.0022","-96.9718",""

"2423","PANDA EXPRESS #979","101 N I 35E SUITE A","LEWISVILLE","TX","","33.0466","-97.0098",""

"933","PARMA PASTA & PIZZA","291 E FM 3040 SUITE 170","LEWISVILLE","TX","","33.0051","-96.9859",""

"959","PARTY CITY","735 HEBRON PKWY","LEWISVILLE","TX","","33.0133","-96.9705",""

"1880","PEAK NUTRITION CENTERS","1166 W MAIN ST","LEWISVILLE","TX","","33.0414","-97.022",""

"967","PEI WEI ASIAN DINER","713 HEBRON PKWY SUITE 200","LEWISVILLE","TX","","33.0097","-96.9705",""

"1641","PHO ONE VIETNAMESE RESTAURANT","2305 S SH 121 BUS SUITE 101","LEWISVILLE","TX","","33.0133","-96.9942",""

"1953","PHO QUE HUONG VIETNAMESE RESTAURANT","291 E FM 3040 SUITE 200","LEWISVILLE","TX","","33.0051","-96.9859",""

"1651","PIZZA HUT","2154 S SH 121 BUS SUITE 100","LEWISVILLE","TX","","33.0118","-96.9916",""

"1821","PIZZA HUT","1425 FM 407 SUITE 600","LEWISVILLE","TX","","33.0717","-97.032",""

"2281","PIZZA HUT","1567 W MAIN ST","LEWISVILLE","TX","","33.0426","-97.0323",""

"1638","PIZZA PATRON","2302 S SH 121 BUS SUITE 155","LEWISVILLE","TX","","33.0135","-96.9924",""

"2719","PIZZA PATRON","383 HUFFINES PLZ SUITE 275A","LEWISVILLE","TX","","33.0338","-96.9961",""

"2195","POPEYE'S","1394 W MAIN ST","LEWISVILLE","TX","","33.0419","-97.0287",""

"1916","POPEYE'S CHICKEN & BISCUITS","290 E FM 3040","LEWISVILLE","TX","","33.0037","-96.9852",""

"2255","PRECISION SPORTS NUTRITION","1565 W MAIN ST SUITE 230","LEWISVILLE","TX","","33.0439","-97.0328",""

"5707","PRICELESS CATERING","1565 W MAIN ST SUITE 124","LEWISVILLE","TX","","33.0439","-97.0328",""

"1623","PRIMROSE SCHOOL OF NORTH LEWISVILLE","1480 N VALLEY PKWY","LEWISVILLE","TX","","33.0565","-97.0351",""

"5149","PRIMROSE SCHOOL OF OLD ORCHARD","1253 W FM 3040","LEWISVILLE","TX","","33.0097","-97.0258",""

"356","QUAIL VALLEY CHILD DEVELOPMENT","662 S EDMONDS LN","LEWISVILLE","TX","","33.0404","-97.0107",""

"127","QUALITY INN & SUITES","755 E VISTA RIDGE MALL DR BLDG B","LEWISVILLE","TX","","33.001","-96.9671",""

"1713","QUIK TRIP","1035 W FM 3040","LEWISVILLE","TX","","33.0064","-97.0155",""

"2507","QUIK TRIP","1701 S SH 121 BUS","LEWISVILLE","TX","","33.019","-96.9934",""

"1065","QUIK TRIP #928","801 E SH 121 BUS","LEWISVILLE","TX","","33.0439","-96.9807",""

"1733","QUIK TRIP #942","1231 FM 407","LEWISVILLE","TX","","33.0719","-97.0241",""

"1957","RACE TRAC","375 E FM 3040","LEWISVILLE","TX","","33.005","-96.9826",""

"2509","RACK AND TAP","101 E SOUTHWEST PKWY SUITE 120","LEWISVILLE","TX","","33.0197","-96.9919",""

"1201","RAISING CANE'S CHICKEN FINGERS","720 HEBRON PKWY","LEWISVILLE","TX","","33.0096","-96.9685",""

"793","RAISING CANE'S CHICKEN FINGERS","1026 W MAIN ST","LEWISVILLE","TX","","33.0428","-97.0164",""

"1210","RAZZOO'S CAJUN CAFE","1990 S I 35E","LEWISVILLE","TX","","33.0157","-96.9789",""

"315","RED LOBSTER","2497 S I 35E","LEWISVILLE","TX","","33.0031","-96.9674",""

"2443","REGAL BUFFET","251 N I 35E","LEWISVILLE","TX","","33.0479","-97.0105",""

"140","RESIDENCE INN","755 E VISTA RIDGE MALL DR BLDG C","LEWISVILLE","TX","","33.001","-96.9671",""

"367","RICE POT EXPRESS","495 SH 121 SUITE 220","LEWISVILLE","TX","","32.9922","-96.9781",""

"1278","ROSS DRESS FOR LESS","719 HEBRON PKWY","LEWISVILLE","TX","","33.011","-96.9721",""

"3522","RUBIA Y MORENA BEER & WINE","701 S I 35E SUITE 204","LEWISVILLE","TX","","33.0376","-97.0044",""

"1800","RUSTY BEAGLE SPORTS GRILL","1301 FM 407 SUITE 109","LEWISVILLE","TX","","33.0718","-97.0277",""

"2511","SA & J HOT DOG CART","1051 N I 35E","LEWISVILLE","TX","","33.0571","-97.0137",""

"636","SALT AND PEPPER","2401 S I 35E SUITE 2336","LEWISVILLE","TX","","33.0022","-96.9718",""

"3681","SALTGRASS INC","801 SH 121","LEWISVILLE","TX","","32.9956","-96.9664",""

"2514","SAM'S CLUB - BAKERY","751 W MAIN ST","LEWISVILLE","TX","","33.0487","-97.0117",""

"2519","SAM'S CLUB - CAFE","751 W MAIN ST","LEWISVILLE","TX","","33.0487","-97.0117",""

"2516","SAM'S CLUB - RETAIL & MEAT MARKET","751 W MAIN ST","LEWISVILLE","TX","","33.0487","-97.0117",""

"2520","SAPPHIRE'S CAFE","1165 S I 35E SUITE 128","LEWISVILLE","TX","","33.0296","-96.9951",""

"717","SAVANNAH CAFE AND BAKERY","2601 S I 35E SUITE 190","LEWISVILLE","TX","","32.9997","-96.9625",""

"1094","SCHLOTZSKY'S","450 E FM 3040 SUITE 101","LEWISVILLE","TX","","33.0042","-96.9794",""

"141","SELECT INN","200 N I 35E","LEWISVILLE","TX","","33.0483","-97.0081",""

"944","SENIOR ACTIVITY CENTER","1950 S VALLEY PKWY SUITE A","LEWISVILLE","TX","","33.0193","-97.0206",""

"3167","SHELL","802 S I 35E","LEWISVILLE","TX","","33.0381","-97.0012",""

"1965","SHELL - CONVENIENCE FOOD MART","301 W FM 3040 SUITE 100","LEWISVILLE","TX","","33.0039","-96.9987",""

"2286","SHELL - FOOD MART","1597 W MAIN ST","LEWISVILLE","TX","","33.0425","-97.0358",""

"2589","SHELL - LEWISVILLE BEVERAGE","101 S I 35E","LEWISVILLE","TX","","33.0461","-97.0096",""

"2499","SHELL - VALLEY RIDGE BEVERAGE","1191 VALLEY RIDGE BLVD SUITE A","LEWISVILLE","TX","","33.0572","-97.0231",""

"1977","SHIPLEY DONUTS","1302 S SH 121 BUS SUITE A","LEWISVILLE","TX","","33.0273","-96.9925",""

"1320","SHOP N GO","380 E SH 121 BUS SUITE 100","LEWISVILLE","TX","","33.034","-96.9912",""

"2056","SMOOTHIE & NUTRITION","724 W MAIN ST SUITE 360","LEWISVILLE","TX","","33.0453","-97.0122",""

"773","SMOOTHIE KING","500 E FM 3040 SUITE 305","LEWISVILLE","TX","","33.0031","-96.9774",""

"2494","SO GOOD DONUTS","850 VALLEY RIDGE BLVD SUITE 126","LEWISVILLE","TX","","33.0555","-97.0141",""

"639","SONIC","2401 S I 35E SUITE 2340","LEWISVILLE","TX","","33.0022","-96.9718",""

"1244","SONIC DRIVE-IN","175 N VALLEY PKWY","LEWISVILLE","TX","","33.0435","-97.0198",""

"1812","SONIC DRIVE-IN","1413 FM 407","LEWISVILLE","TX","","33.072","-97.0313",""

"906","SONIC DRIVE-IN","380 E FM 3040","LEWISVILLE","TX","","33.0042","-96.9814",""

"329","SONNY DONUTS","533 SH 121 SUITE B6","LEWISVILLE","TX","","32.9933","-96.9754",""

"1332","SOUPER SALAD","2404 S I 35E SUITE A","LEWISVILLE","TX","","33.0064","-96.9678",""

"2503","SOUTHERN MAID DONUTS","1490 VALLEY RIDGE BLVD SUITE 104","LEWISVILLE","TX","","33.0631","-97.035",""

"2529","SOUTHERN MAID DONUTS","701 S I 35E SUITE 160","LEWISVILLE","TX","","33.0376","-97.0044",""

"3122","SPEEDMAX","521 E SH 121 BUS","LEWISVILLE","TX","","33.0364","-96.9903",""

"1748","SPRING CREEK BARBEQUE","571 E FM 3040","LEWISVILLE","TX","","33.0059","-96.9742",""

"142","SPRINGHILL SUITES","720 E VISTA RIDGE MALL DR","LEWISVILLE","TX","","32.9986","-96.9681",""

"2496","STAPLES #1167","997 VALLEY RIDGE BLVD","LEWISVILLE","TX","","33.057","-97.0167",""

"728","STARBUCK'S","859 SH 121 SUITE A","LEWISVILLE","TX","","32.9991","-96.9614",""

"1159","STARBUCKS","699 S I 35E","LEWISVILLE","TX","","33.0389","-97.0048",""

"1338","STARBUCKS","721 HEBRON PKWY SUITE 101","LEWISVILLE","TX","","33.0102","-96.9695",""

"347","STEAK N SHAKE","855 SH 121","LEWISVILLE","TX","","32.9989","-96.9619",""

"1346","STUDIO MOVIE GRILL","1600 S I 35E","LEWISVILLE","TX","","33.023","-96.984",""

"1348","SUBWAY","729 HEBRON PKWY SUITE 230","LEWISVILLE","TX","","33.0106","-96.9687",""

"1847","SUBWAY","1071 W FM 3040 SUITE 100","LEWISVILLE","TX","","33.0074","-97.0177",""

"1949","SUBWAY","291 E FM 3040 SUITE 165","LEWISVILLE","TX","","33.0051","-96.9859",""

"2151","SUBWAY","1288 W MAIN ST SUITE 240","LEWISVILLE","TX","","33.041","-97.0248",""

"2487","SUBWAY","850 VALLEY RIDGE BLVD SUITE 100","LEWISVILLE","TX","","33.0555","-97.0141",""

"2532","SUBWAY","1305 S SH 121 BUS SUITE 166","LEWISVILLE","TX","","33.0253","-96.9946",""

"2533","SUBWAY","155 W MAIN ST SUITE 100","LEWISVILLE","TX","","33.0465","-96.9955",""

"2534","SUBWAY","801 W MAIN ST","LEWISVILLE","TX","","33.0466","-97.0138",""

"2535","SUBWAY","500 W MAIN ST","LEWISVILLE","TX","","33.0442","-97.0039",""

"339","SUBWAY","533 SH 121 SUITE B7","LEWISVILLE","TX","","32.9933","-96.9754",""

"5083","SUBWAY","1297 FM 407 SUITE 308","LEWISVILLE","TX","","33.072","-97.0265",""

"634","SUBWAY","2401 S I 35E SUITE 2330","LEWISVILLE","TX","","33.0022","-96.9718",""

"2539","SUPER TARGET - BAKERY","725 HEBRON PKWY","LEWISVILLE","TX","","33.012","-96.9706",""

"2536","SUPER TARGET - DELI","725 HEBRON PKWY","LEWISVILLE","TX","","33.012","-96.9706",""

"2537","SUPER TARGET - FOOD AVENUE","725 HEBRON PKWY","LEWISVILLE","TX","","33.012","-96.9706",""

"2538","SUPER TARGET - RETAIL/MEAT MARKET","725 HEBRON PKWY","LEWISVILLE","TX","","33.012","-96.9706",""

"2540","SUPER TARGET - STARBUCKS","725 HEBRON PKWY","LEWISVILLE","TX","","33.012","-96.9706",""

"5132","SUSHI AVENUE","725 HEBRON PKWY","LEWISVILLE","TX","","33.012","-96.9706",""

"2542","T'S BAR & GRILL","1305 S SH 121 BUS SUITE 430","LEWISVILLE","TX","","33.0253","-96.9946",""

"2073","TACO BELL","855 W MAIN ST","LEWISVILLE","TX","","33.045","-97.0141",""

"2543","TACO BELL","1311 S SH 121 BUS","LEWISVILLE","TX","","33.0255","-96.9934",""

"1372","TACO BELL / LONG JOHN SILVER","731 HEBRON PKWY","LEWISVILLE","TX","","33.0111","-96.9685",""

"1921","TACO BUENO","320 E FM 3040","LEWISVILLE","TX","","33.0043","-96.9839",""

"2544","TACO BUENO","180 N I 35E","LEWISVILLE","TX","","33.0473","-97.0078",""

"2550","TACO CABANA","2393 S I 35E","LEWISVILLE","TX","","33.0067","-96.9737",""

"2466","TACO CABANA #232","525 SURF ST","LEWISVILLE","TX","","33.0444","-97.014",""

"794","TACO FIESTA","1100 W MAIN ST SUITE A","LEWISVILLE","TX","","33.0414","-97.022",""

"2551","TACO GRANDE","397 E SOUTHWEST PKWY","LEWISVILLE","TX","","33.0172","-96.9847",""

"2398","TACOS REGIO MONTERREY","502 S OLD ORCHARD LN SUITE 142","LEWISVILLE","TX","","33.0397","-97.0278",""

"2683","TACOS SABROSITOS","900 VALLEY RIDGE BLVD","LEWISVILLE","TX","","33.0553","-97.0151",""

"943","TAPPY'S YOGURT","2780 MACARTHUR BLVD SUITE B","LEWISVILLE","TX","","32.9947","-96.9758",""

"2552","TAQUERIA COLIMA","877 S I 35E","LEWISVILLE","TX","","33.0371","-97.0022",""

"2553","TAQUERIA GUADALAJARA","701 S I 35E SUITE 170","LEWISVILLE","TX","","33.0376","-97.0044",""

"2554","TAQUERIA LA CANDELARIA #2","1010 S EDMONDS LN SUITE 100","LEWISVILLE","TX","","33.0361","-97.0107",""

"1734","TAQUERIA LA ESPERANZA","1297 FM 407 SUITE 300","LEWISVILLE","TX","","33.072","-97.0265",""

"2555","TAQUERIA LOS PINOS","1301 S SH 121 BUS SUITE A","LEWISVILLE","TX","","33.0273","-96.9932",""

"2556","TAQUERIA MONTERREY","725 W FM 3040","LEWISVILLE","TX","","33.0051","-97.0062",""

"909","TASTE OF ASIA","420 E FM 3040 SUITE 115","LEWISVILLE","TX","","33.0028","-96.9795",""

"2558","TERRY'S SUPERMARKET - BAKERY","1019 FOX AVE","LEWISVILLE","TX","","33.036","-97.0119",""

"2559","TERRY'S SUPERMARKET - JUICE BAR","1019 FOX AVE","LEWISVILLE","TX","","33.036","-97.0119",""

"2557","TERRY'S SUPERMARKET - RETAIL & MEAT MARKET","1019 FOX AVE","LEWISVILLE","TX","","33.036","-97.0119",""

"4612","TERRY'S SUPERMARKET - TAQUERIA","1019 FOX AVE","LEWISVILLE","TX","","33.036","-97.0119",""

"2593","TEXACO","397 E SOUTHWEST PKWY","LEWISVILLE","TX","","33.0172","-96.9847",""

"146","TEXAN INN","1102 TEXAS ST","LEWISVILLE","TX","","33.031","-96.9918",""

"2560","TGI FRIDAYS","2505 S I 35E","LEWISVILLE","TX","","33.0023","-96.9654",""

"2159","THAI PEPPER","1322 W MAIN ST","LEWISVILLE","TX","","33.0415","-97.028",""

"1069","THE MAC SPORTS","200 CONTINENTAL DR","LEWISVILLE","TX","","33.0157","-96.9955",""

"3239","THE SALVATION ARMY","207 ELM ST","LEWISVILLE","TX","","33.0455","-96.9967",""

"2565","THE VITAMIN SHOPPE","2397 S I 35E","LEWISVILLE","TX","","33.0063","-96.973",""

"298","THE WILD TURKEY","755 SH 121 SUITE B-100","LEWISVILLE","TX","","32.9952","-96.9672",""

"2561","TIERNEY'S CAFE & TAVERN","208 E MAIN ST","LEWISVILLE","TX","","33.046","-96.9924",""

"2562","TIERNEY'S CATERING","1836 MIDWAY RD","LEWISVILLE","TX","","33.0442","-96.9379",""

"2688","TOM THUMB - BAKERY","1075 W FM 3040","LEWISVILLE","TX","","33.0069","-97.0177",""

"2689","TOM THUMB - DELI","1075 W FM 3040","LEWISVILLE","TX","","33.0069","-97.0177",""

"2690","TOM THUMB - RETAIL & MEAT MARKET","1075 W FM 3040","LEWISVILLE","TX","","33.0069","-97.0177",""

"2692","TOM THUMB - STARBUCKS","1075 W FM 3040","LEWISVILLE","TX","","33.0069","-97.0177",""

"3404","TORNADO ALLEY PUB","359 LAKE PARK RD SUITE 132","LEWISVILLE","TX","","33.0723","-97.0155",""

"2588","TORTAS D.F.","521 E SH 121 BUS","LEWISVILLE","TX","","33.0364","-96.9903",""

"1934","TORTILLERIA LA PROVIDENCIA","1003 FOX AVE SUITE 110","LEWISVILLE","TX","","33.0355","-97.0109",""

"2563","TOTAL WINE & MORE","2325 S I 35E SUITE 504","LEWISVILLE","TX","","33.0084","-96.9783",""

"4714","TOTALLY NUTS","1165 S I 35E SUITE 176","LEWISVILLE","TX","","33.0296","-96.9951",""

"1411","TOYS R US","2412 S I 35E","LEWISVILLE","TX","","33.0067","-96.9696",""

"174","TREEHOUSE CHILDREN'S ACADEMY","950 N GARDEN RIDGE BLVD","LEWISVILLE","TX","","33.0545","-97.0363",""

"1716","TUESDAY MORNING","2325 S I 35E SUITE 103","LEWISVILLE","TX","","33.0084","-96.9783",""

"713","ULTIMATE SPORT NUTRITION","2601 S I 35E SUITE 110","LEWISVILLE","TX","","32.9997","-96.9625",""

"2400","VALERO - 1 STOP FOOD STORE","502 S OLD ORCHARD LN SUITE 148","LEWISVILLE","TX","","33.0397","-97.0278",""

"2582","VALERO - BIG JACK'S GROCERY","1850 N I 35E","LEWISVILLE","TX","","33.0712","-97.0181",""

"4244","VALERO - BREAK TIME","1598 S VALLEY PKWY SUITE 100","LEWISVILLE","TX","","33.0279","-97.0194",""

"1600","VALERO - CORNER STORE","1700 S SH 121 BUS","LEWISVILLE","TX","","33.019","-96.9927",""

"2595","VALERO - CORPORATE MART","300 E CORPORATE DR","LEWISVILLE","TX","","33.0162","-96.9849",""

"1441","VALERO - FOOD MART","1886 S I 35E SUITE 100","LEWISVILLE","TX","","33.0174","-96.9816",""

"2594","VALERO - HAN'S GAS STATION","2405 E SH 121 BUS","LEWISVILLE","TX","","33.0537","-96.9181",""

"1786","VALERO - MCGEE'S COUNTRY STORE","1298 FM 407","LEWISVILLE","TX","","33.071","-97.027",""

"1772","VALERO - ON THE ROAD","725 W FM 3040 SUITE A","LEWISVILLE","TX","","33.0051","-97.0062",""

"2495","VALLEY RIDGE CHEVRON","900 VALLEY RIDGE BLVD","LEWISVILLE","TX","","33.0553","-97.0151",""

"1120","VERTSKEBAP","859 SH 121 SUITE B","LEWISVILLE","TX","","32.9991","-96.9614",""

"1025","VISTA RIDGE NURSING & REHAB CENTER","700 E VISTA RIDGE MALL DR","LEWISVILLE","TX","","32.9981","-96.9694",""

"614","WAFFLE HOUSE #151","1181 S I 35E","LEWISVILLE","TX","","33.0284","-96.9923",""

"1881","WALGREEN'S","1103 W FM 3040","LEWISVILLE","TX","","33.0064","-97.0197",""

"2566","WALMART - BAKERY","190 E FM 3040","LEWISVILLE","TX","","33.0023","-96.9913",""

"2569","WALMART - BAKERY","801 W MAIN ST","LEWISVILLE","TX","","33.0466","-97.0138",""

"2567","WALMART - DELI","190 E FM 3040","LEWISVILLE","TX","","33.0023","-96.9913",""

"2570","WALMART - DELI","801 W MAIN ST","LEWISVILLE","TX","","33.0466","-97.0138",""

"2571","WALMART - REATIL & MEAT MARKET","801 W MAIN ST","LEWISVILLE","TX","","33.0466","-97.0138",""

"2568","WALMART - RETAIL & MEAT MARKET","190 E FM 3040","LEWISVILLE","TX","","33.0023","-96.9913",""

"2572","WALMART NEIGHBORHOOD MARKET - DELI","1515 FM 407","LEWISVILLE","TX","","33.0729","-97.0381",""

"2573","WALMART NEIGHBORHOOD MARKET - RETAIL & MEAT MARKET","1515 FM 407","LEWISVILLE","TX","","33.0729","-97.0381",""

"4494","WEGER / SAN LUIS TAQUERIA","401 N VALLEY PKWY SUITE 300","LEWISVILLE","TX","","33.0455","-97.0202",""

"1626","WENDY'S","2146 S SH 121 BUS","LEWISVILLE","TX","","33.0111","-96.9924",""

"1744","WENDY'S","517 E FM 3040","LEWISVILLE","TX","","33.0053","-96.9768",""

"875","WESTSIDE BAPTIST CHURCH CHRISTIAN ACADEMY","802 BELLAIRE BLVD","LEWISVILLE","TX","","33.0273","-97.0079",""

"1074","WHATABURGER","101 W SOUTHWEST PKWY","LEWISVILLE","TX","","33.0194","-96.9934",""

"2442","WHATABURGER","171 N I 35E","LEWISVILLE","TX","","33.0473","-97.0102",""

"228","WHICH WICH SANDWICH SHOP","2601 S I 35E SUITE 120","LEWISVILLE","TX","","32.9997","-96.9625",""

"1509","WINGS PIZZA N THINGS EXPRESS","729 HEBRON PKWY SUITE 190","LEWISVILLE","TX","","33.0106","-96.9687",""

"1660","WINGSTOP","2305 S SH 121 BUS SUITE 190","LEWISVILLE","TX","","33.0133","-96.9942",""

"1850","WOK N ROLL","1071 W FM 3040 SUITE 500","LEWISVILLE","TX","","33.0074","-97.0177",""

"2273","WORLD GYM","1565 W MAIN ST SUITE 450","LEWISVILLE","TX","","33.0439","-97.0328",""

"1511","XEROX","1303 RIDGEVIEW DR","LEWISVILLE","TX","","33.0228","-96.9813",""

"4994","YOGURT ZONE","1093 W MAIN ST SUITE 200","LEWISVILLE","TX","","33.0451","-97.0202",""

"2541","Z THAI RESTAURANT","2601 S I 35E SUITE 450","LEWISVILLE","TX","","32.9997","-96.9625",""

"2465","ZONE ACTION PARK","1951 SUMMIT AVE","LEWISVILLE","TX","","33.0726","-97.0227",""
